guid,Language,Topic,Front,Back,tags
dedf447c-42c0-48b9-8dfd-3383e52e2547,French,General Notes,2023-06-16 top-100-albums,"# Top 100 French Albums (Meilleurs Albums Français)

A ranked list of the best French music albums, parsed from a French music publication.

| Rank | Album | Year |
|------|-------|------|
| 1 | Histoire de Melody Nelson | 1971 |
| 2 | Discovery | 2001 |
| 3 | Fantaisie militaire | 1998 |
| 4 | L'École du micro d'argent | 1997 |
| 5 | Ces gens-là | 1966 |
| 6 | Des visages des figures | 2001 |
| 7 | 666.667 Club | 1996 |
| 8 | L'Homme à tête de chou | 1976 |
| 9 | Moon Safari | 1998 |
| 10 | Random Access Memories | 2013 |
| 11 | Il n'y a plus rien | 1973 |
| 12 | From Mars to Sirius | 2005 |
| 13 | Tostaky | 1992 |
| 14 | Bleu pétrole | 2008 |
| 15 | The Hypnoflip Invasion | 2011 |
| 16 | Marche à l'ombre | 1980 |
| 17 | Deux frères | 2019 |
| 18 | Les Marquises | 1977 |
| 19 | Mauvais Oeil | 2000 |
| 20 | Le Chant des sirènes | 2011 |
| 21 | Où je vis | 1998 |
| 22 | Initials B.B. | 1968 |
| 23 | TRINITY | 2020 |
| 24 | Georges Brassens chante... | 1952 |
| 25 | L'Autre... | 1991 |
| 26 | Alive 2007 (Live) | 2007 |
| 27 | Homework | 1997 |
| 28 | Volume 11: Fernande | 1972 |
| 29 | Écailles de lune | 2010 |
| 30 | Soleil cherche futur | 1982 |
| 31 | Mekanik Destruktiw Kommandoh | 1973 |
| 32 | Dans la légende | 2016 |
| 33 | Comm' si la terre penchait | 2001 |
| 34 | En passant | 1997 |
| 35 | TRILOGY | 2015 |
| 36 | Love on the Beat | 1984 |
| 37 | Suprême NTM | 1998 |
| 38 | Stupeflip | 2003 |
| 39 | Veuillez rendre l'âme | 1989 |
| 40 | Opéra Puccino | 1998 |
| 41 | Barbara n°2 | 1965 |
| 42 | Sauver l'amour | 1985 |
| 43 | Le Fabuleux Destin d'Amélie Poulain (OST) | 2001 |
| 44 | La Fête est finie | 2017 |
| 45 | Kodama | 2016 |
| 46 | L'Imprudence | 2002 |
| 47 | Messina | 2012 |
| 48 | The No Comprendo | 1986 |
| 49 | Morgane de toi | 1983 |
| 50 | UNE MAIN LAVE L'AUTRE | 2018 |
| 51 | Osez Joséphine | 1991 |
| 52 | Brigitte Fontaine est...? | 1968 |
| 53 | Non homologué | 1985 |
| 54 | Nino and Radiah | 1974 |
| 55 | Ainsi soit je... | 1988 |
| 56 | Laisse béton | 1977 |
| 57 | #3 (Ce n'est pas perdu pour tout le monde...) | 1996 |
| 58 | Mistral gagnant | 1985 |
| 59 | Amoureux de Paname | 1975 |
| 60 | La Superbe | 2009 |
| 61 | Supplique pour être enterré à la plage de Sète | 1966 |
| 62 | Starmania (OST) | 1978 |
| 63 | Cross (Justice) | 2007 |
| 64 | Équinoxe | 1978 |
| 65 | Les Maledictus Sound | 1968 |
| 66 | C'est déjà ça | 1993 |
| 67 | Chants pour le delta, la lune et le soleil | 1976 |
| 68 | Alertez les bébés! | 1976 |
| 69 | Louise attaque | 1997 |
| 70 | Samedi soir sur la Terre | 1994 |
| 71 | Vive la vie | 2004 |
| 72 | Georges Brassens interprète ses dernières compositions | 1953 |
| 73 | Innamoramento | 1999 |
| 74 | ...tout corps vivant branché sur le secteur... | 1978 |
| 75 | Chatterton | 1994 |
| 76 | Temps mort | 2002 |
| 77 | Bonnie and Clyde | 1968 |
| 78 | Stup Religion | 2005 |
| 79 | Human After All | 2005 |
| 80 | Perdu d'avance | 2009 |
| 81 | Les Voyages de l'âme | 2012 |
| 82 | Wolfgang Amadeus Phoenix | 2009 |
| 83 | Anamorphosée | 1995 |
| 84 | Murmuüre | 2010 |
| 85 | Hurry Up, We're Dreaming | 2011 |
| 86 | Les Étoiles vagabondes / Expansion | 2019 |
| 87 | La Marmaille nue | 1993 |
| 88 | Royaume de Siam | 1979 |
| 89 | Corps & armes | 2000 |
| 90 | L'Enfant assassin des mouches | 1972 |
| 91 | La Mort d'Orion | 1970 |
| 92 | Jacques Dutronc | 1966 |
| 93 | Les Mots bleus | 1974 |
| 94 | Before the Dawn Heals Us | 2005 |
| 95 | Georges Brassens | 2000 |
| 96 | Magma | 2016 |
| 97 | Les Chansons de l'innocence retrouvée | 2013 |
| 98 | Première Consultation | 1996 |
| 99 | Léo chante Ferré: Léo chante amour anarchie | 2005 |
| 100 | Varsovie / L'Alhambra / Paris | 2008 |
",french
dbc5374e-ccd0-4347-bc8f-e5d105927a0e,French,General Notes,2023-06-16 miscellaneous-phrases,"# Miscellaneous Phrases (Expressions Diverses)

| French | English |
|--------|---------|
| ça commence | it's started |
| on y va? | let's go? |
| pas du tout | not at all |
| pas beaucoup | not much |
| éventuellement | eventually |
| salle de bain | bathroom |
| évidemment | evidently |
| se dépêcher | to hurry |
| bienvenue | welcome |
| mannequin | model (profession) |
| du coup | suddenly, so then |
| c'est sympa | it's cool/nice |
| vis-à-vis | across from |
| le sud | the south |
| sûr | sure |
| le nord | the north |
| un truc de ouf! | something crazy! (verlan: ouf = fou) |
| toujours | always |
",french
419d2ac2-c4af-4b4d-9ff0-0dba66af257f,French,General Notes,2023-04-11 bonjour,"bonjour
",french
a1d0906e-be93-4a94-8aa4-0dc3adf3893c,French,General Notes,2023-06-16 top-100-words,"# The 100 Most Common French Words (Les 100 Mots Les Plus Courants)

| # | French | English |
|---|--------|---------|
| 1 | le | the |
| 2 | de | of |
| 3 | un | a/an |
| 4 | être | to be |
| 5 | et | and |
| 6 | à | to/at/in |
| 7 | il | he/it |
| 8 | avoir | to have |
| 9 | ne | not |
| 10 | en | in/while |
| 11 | se | oneself/each other |
| 12 | qui | who/that |
| 13 | dans | in/into/within |
| 14 | ce | this/that |
| 15 | que | that/which |
| 16 | pas | not |
| 17 | pour | for/to/in order to |
| 18 | sur | on/upon/over |
| 19 | par | by/through |
| 20 | avec | with |
| 21 | dire | to say/tell |
| 22 | faire | to do/make |
| 23 | plus | more |
| 24 | pouvoir | to be able to/can |
| 25 | aller | to go |
| 26 | voir | to see |
| 27 | mettre | to put/lay/set |
| 28 | au | to the |
| 29 | jour | day |
| 30 | comme | like/as |
| 31 | prendre | to take |
| 32 | temps | time/weather |
| 33 | deux | two |
| 34 | très | very |
| 35 | savoir | to know (how) |
| 36 | même | same/even |
| 37 | sans | without |
| 38 | ans | years |
| 39 | travail | work |
| 40 | vie | life |
| 41 | nouveau | new |
| 42 | après | after |
| 43 | monde | world |
| 44 | notre | our |
| 45 | aussi | also/too |
| 46 | donner | to give |
| 47 | bien | well/good |
| 48 | venir | to come |
| 49 | sous | under/below |
| 50 | premier | first |
| 51 | grand | big/large |
| 52 | année | year |
| 53 | maintenant | now |
| 54 | place | place/seat |
| 55 | contre | against |
| 56 | autre | other/another |
| 57 | encore | again/still |
| 58 | politique | political |
| 59 | avant | before |
| 60 | chose | thing |
| 61 | comprendre | to understand |
| 62 | partir | to leave |
| 63 | revoir | to see again |
| 64 | pendant | during/while |
| 65 | suivre | to follow |
| 66 | point | point/dot |
| 67 | alors | then/so |
| 68 | petit | small/little |
| 69 | dernier | last |
| 70 | mais | but |
| 71 | arriver | to arrive |
| 72 | jouer | to play |
| 73 | état | state |
| 74 | près | near/close |
| 75 | jeune | young |
| 76 | regarder | to look/watch |
| 77 | deuxième | second |
| 78 | possible | possible |
| 79 | famille | family |
| 80 | entre | between/among |
| 81 | suivant | following/next |
| 82 | vrai | true |
| 83 | jamais | never |
| 84 | groupe | group |
| 85 | plusieurs | several |
",french
476dfc4a-5c10-4291-9447-8b2f14e7ddde,French,General Notes,2023-06-16 verb-conjugations,"# Verb Conjugations (Conjugaisons)

Practice conjugations of three regular French verbs across all major tenses.

## ATTENDRE (to wait) -- 3rd group (-re)

| Tense | je | tu | il/elle | nous | vous | ils/elles |
|-------|----|----|---------|------|------|-----------|
| Présent | j'attends | tu attends | il attend | nous attendons | vous attendez | ils attendent |
| Imparfait | j'attendais | tu attendais | il attendait | nous attendions | vous attendiez | ils attendaient |
| Futur | j'attendrai | tu attendras | elle attendra | nous attendrons | vous attendrez | ils attendront |
| Conditionnel | j'attendrais | tu attendrais | elle attendrait | nous attendrions | vous attendriez | ils attendraient |
| Passé composé | j'ai attendu | tu as attendu | il a attendu | nous avons attendu | vous avez attendu | ils ont attendu |
| Subjonctif | que j'attende | que tu attendes | qu'il attende | que nous attendions | que vous attendiez | qu'elles attendent |

**Impératif:** attends, attendons, attendez
**Participe présent:** attendant
**Participe passé:** attendu

---

## FINIR (to finish) -- 2nd group (-ir)

| Tense | je | tu | il/elle | nous | vous | ils/elles |
|-------|----|----|---------|------|------|-----------|
| Présent | je finis | tu finis | il finit | nous finissons | vous finissez | ils finissent |
| Imparfait | je finissais | tu finissais | il finissait | nous finissions | vous finissiez | ils finissaient |
| Futur | je finirai | tu finiras | elle finira | nous finirons | vous finirez | ils finiront |
| Conditionnel | je finirais | tu finirais | elle finirait | nous finirions | vous finiriez | ils finiraient |
| Passé composé | j'ai fini | tu as fini | il a fini | nous avons fini | vous avez fini | ils ont fini |
| Subjonctif | que je finisse | que tu finisses | qu'il finisse | que nous finissions | que vous finissiez | qu'elles finissent |

**Impératif:** finis, finissons, finissez
**Participe présent:** finissant
**Participe passé:** fini

---

## PARLER (to speak) -- 1st group (-er)

| Tense | je | tu | il/elle | nous | vous | ils/elles |
|-------|----|----|---------|------|------|-----------|
| Présent | je parle | tu parles | il parle | nous parlons | vous parlez | ils parlent |
| Imparfait | je parlais | tu parlais | il parlait | nous parlions | vous parliez | ils parlaient |
| Futur | je parlerai | tu parleras | elle parlera | nous parlerons | vous parlerez | ils parleront |
| Conditionnel | je parlerais | tu parlerais | elle parlerait | nous parlerions | vous parleriez | ils parleraient |
| Passé composé | j'ai parlé | tu as parlé | il a parlé | nous avons parlé | vous avez parlé | ils ont parlé |
| Subjonctif | que je parle | que tu parles | qu'il parle | que nous parlions | que vous parliez | qu'ils parlent |

**Impératif:** parle, parlons, parlez
**Participe présent:** parlant
**Participe passé:** parlé
",french
34f44c41-a167-49a1-a1d0-fbecbd7ae9ed,French,General Notes,première partie III,"tromper -> to deceive
connaissements -> bills of lading
s'amoncelaient -> were piling up
brûlant -> burning
chaînes -> chains
noyé -> drowned
poussière -> dust
mâts -> masts
élan -> momentum
treuils -> winches
longions -> we were following
pavés -> cobblestones
inégaux -> uneven
haleine -> breath
quais -> docks
heurté -> hit
palier -> landing
l'épagneul -> the spaniel
poils -> hairs
rougeâtres -> reddish
mène -> leads
bute -> hits
bat -> beats
rampe -> railing
frayeur -> fright
terreur -> terror
haine -> hatred
par hasard -> by chance
d'ailleurs -> besides
gémissait -> was groaning
devinais -> guessed
penché -> leaned
bête -> beast
métier -> trade
pourtant -> however
guère -> hardly
dégoûtait -> disgusted
boudin -> pudding
ceau -> basin
m'éviterait -> would avoid me
ange -> angel
stuc -> stucco
défait -> undone
sale -> dirty
pansement -> dressing
douteux -> doubtful
cherchait -> was looking for
bagarre -> fight
méchant -> mean
ça vaut mieux -> it's better that way
tombé -> fell
relever -> to pick up
coup de genou -> knee hit
taquets -> cleats
compte -> account
pansement -> dressing
égal -> equal
poêle -> stove
mangeant -> eating
installés -> settled
autant -> as much
entretenue -> maintained
tromperie -> deceit
mois-ci -> this month
loyer -> rent
modde-piéte -> doormat
tapée -> batch
bonheur -> happiness
jusqu'au -> until
auparavant -> before
volets -> shutters
punie -> punished
charbonnait -> was charring
restait -> remained
emportaient -> were carrying away
lointains -> distant
coït -> coitus
l'emmener -> to take him/her
mœurs -> morals
réfléchir -> to reflect
punir -> to punish
découvert -> discovered
cracherait -> would spit
mettrait -> would put
dehors -> outside
rédiger -> to write
assiettes -> plates
soigneusement -> carefully
toile -> canvas
tiroir -> drawer
feuille -> sheet
quadrillé -> squared
encrier -> inkwell
carré -> square
d'encre -> ink
hochant -> nodding
tutoyait -> was addressing informally
frappé -> struck
cacheté -> sealed
glissement -> sliding
sommeil -> sleep
palier -> landing
cage -> cage
d'escalier -> of stairs
bourdonnait -> was buzzing
souffle -> breath
gémissait -> was groaning
",french
24e1a873-f8e5-4890-a506-e9d6dcb8931d,French,General Notes,deuxième partie IV,"plaidoiries -> pleadings
gênait -> bothered
démontrer -> demonstrate
preuve -> proof
l'éclairage -> lighting
fournira -> will provide
âme -> soul
événements -> events
manquait -> was missing
besogne -> task
moi j'écoutais -> I was listening
seule -> alone
ému -> moved
m'accabler -> overwhelm me
mais tant d'acharnement m'étonnait -> but such perseverance surprised me
muer -> to change
saurions -> would know
gouffre -> abyss
selon -> according to
osait -> dared
faiblesse -> weakness
cédait -> yielded
craignait -> feared
ressentait -> felt
tuait -> killed
meurtrière -> murderer
son devoir -> his duty
léger -> light
ressens -> feel
mêlant -> mixing
donné -> given
penché -> leaned
plaidé -> pleaded
honnête -> honest
soutenu -> supported
m'étonne -> surprises me
mené -> led
je me souviens -> I remember
assailli -> assaulted
m'appartenait -> belonged to me
gorge -> throat
traînais -> dragged
châtiments -> punishments
douceur -> sweetness
souriait -> smiled
meurtre -> murder
cassation -> appeal
éloignés -> distant
pourvoi -> appeal
tranchée -> trench
lisais -> was reading
emmené -> taken
recevoir -> receive",french
7c39bf86-fd74-4e63-913c-286751a85a19,French,General Notes,première partie VI,"secoue -> shakes
amer -> bitter
toile -> canvas
lâché -> let go
témoigné -> testified
se dépêcher -> to hurry
pierres -> stones
jaunâtres -> yellowish
asphodèles -> asphodels
cirée -> waxed
éparpiller -> scatter
enfouies -> buried
cap -> cape
chalutier -> trawler
cueilli -> picked
pilotis -> stilts
friture -> frying
jolie -> pretty
épatante -> amazing
éprouver -> to feel
tic -> tic
plongé -> plunged
jeté -> thrown
nageait -> was swimming
écartait -> was moving aside
coulaient -> were flowing
voiles -> sails
paraissait -> appeared
battant -> flapping
plat -> flat
visqueuse -> viscous
chaleurs -> heats
secoué -> shaken
déjeuner -> lunch
étaler -> spread
déjà -> already
plaisais -> pleased
étonnés -> surprised
vaisselle -> dishes
surplombaient -> overhung
chaleur -> heat
vécu -> lived
moitié -> half
nue -> naked
bagarre -> fight
surchauffé -> overheated
ralenti -> slowed
bulles -> bubbles
couteau -> knife
tailladée -> slashed
osé -> dared
bouger -> to move
tenir -> to hold
enfuis -> fled
cloués -> nailed
serré -> tight
dégouttant -> dripping
soutenu -> sustained
roseau -> reed
écrasant -> crushing
brisait -> was breaking
source -> source
graisseux -> greasy
l'œil -> the eye
glissé -> slipped
bois -> wood
retentissante -> resounding
pénible -> painful
haletait -> was panting
gonfler -> to swell
poings -> fists
ivresse -> drunkenness
coquillage -> seashell
jaillie -> sprang
crispaient -> were tensing
aveuglant -> blinding
fuir -> to flee
eau -> water
dos -> back
soulevé -> lifted
veston -> jacket
paupières -> eyelids
n'avançait -> did not advance
l'ancre -> the anchor
tache -> stain
j'en ai deviné -> I guessed
demi-tour -> U-turn
brûlure -> burn
joues -> cheeks
j'ai fait un pas, un seul pas en avant -> I took a step, just one step forward
l'acier -> steel
giclé -> spurted
étincelante -> sparkling
tiède -> lukewarm
épais -> thick
cymbales -> cymbals
glaive -> sword
jailli -> sprang
rongeait -> was gnawing
cils -> eyelashes
charrié -> carried
pleuvoir -> to rain
gâchette -> trigger
ventre -> belly
crosse -> handle
assourdissant -> deafening
balles -> bullets
brefs -> brief
parût -> appeared
malheur -> misfortune
",french
c6c095c4-f541-4c9c-aad4-e4f7469e337e,French,General Notes,deuxième partie V,"
l'aumônier -> the chaplain
allongé -> lying
je ne vois que lui -> I only see him
eussent échappé -> had escaped
saut -> jump
l'espoir -> hope
imperturbable -> unflappable
je ne l'avais pas connu -> I had not known him
j'écrasais -> I crushed
empoisonée -> poisoned
recroquevillais -> curled up
couperet -> guillotine
lequel -> which one
souhaitât -> would wish
marchât -> would walk
accroc -> snag
machine -> machine
fusse -> were
aspect -> appearance
l'échafaud -> the scaffold
honte -> shame
tandis -> while
l'aube -> dawn
pourvoi -> appeal
m'efforçais -> I tried
je finissais par me dire que... -> I ended up telling myself that...
contraindre -> to constrain
l'aube -> dawn
naisse -> be born
vitre -> glass
guettais -> was watching
rauque -> hoarse
tout le monde sait que la vie ne vaut pas la peine d'être vécue -> everyone knows that life is not worth living
dans le fond -> deep down
bond -> leap
frottées -> rubbed
adossé -> leaning
musclée -> muscular
cuisses -> thighs
réellement -> really
agacement -> irritation
étroite -> narrow
remuer -> to move
s'il n'osait avancer -> if he dared not move forward
avais-je cherché un visage -> had I sought a face
fût -> was
valait -> was worth
l'aumônier -> the chaplain
menaçaient -> threatened
épuisé -> exhausted
tempes -> temples
d'étoiles -> of stars
tendre -> tender
restait -> remained
souhaiter -> to wish
m'accueillent -> welcome me
cris -> cries
haine -> hatred
",french
66649764-dca1-4375-bf9d-531cff86a9df,French,General Notes,première partie I,"vieillards -> old men
ainsi -> thus
veiller -> to watch over
congé -> leave
pareille -> similar
en somme -> in short
doute -> doubt
deuil -> mourning
revêtu -> dressed
de peine -> of sorrow
étourdi -> dizzy
cravate -> tie
emprunter -> borrow
brassard -> armband
couru -> run
manquer -> miss
pendant -> during
presque -> almost
tassé -> crammed
chemin -> path
serré -> tight
trop -> too
seul -> alone
soutien -> support
reprochait -> reproached
subvenir -> to meet
besoins -> needs
ajouté -> added
loin -> far
partager -> share
eux -> them
pleurait -> cried
au bout -> at the end
dernière -> last
prenait -> took
l'écoutais -> listened to him/her
meurt -> dies
reprenaient -> resumed
jacassement -> chatter
assourdi -> muffled
perruches -> parakeets
disparue -> disappeared
paraît-il -> apparently
exprimé -> expressed
remercié -> thanked
athée -> atheist
blanchie -> whitened
chaux -> lime
recouverte -> covered
couvercle -> lid
brou -> pulp
noix -> nut
bégayé -> stuttered
dévisser -> to unscrew
n'aurais -> would not have
s'approchait -> approached
tortillant -> twisting
arrière -> back
sortie -> exit
le tour de la tête -> around the head
bandeau -> headband
gênait -> bothered
l'aurait -> would have
je me suis souvenu -> I remembered
surtout -> especially
courir -> to run
corbillard -> hearse
tais-toi -> shut up
raconter -> to tell
rougi -> reddened
indigent -> needy
garde -> guard
tombé -> fallen
épaissie -> thickened
au-dessus -> above
aveuglé -> blinded
l'éclaboussement -> splashing
soudain -> sudden
aucune -> none
chaises -> chairs
empilé -> piled
autour -> around
tasses -> cups
tricotait -> was knitting
réchauffé -> reheated
somnolé -> dozed
frôlement -> brushing
éclatante -> dazzling
courbes -> curves
dessinaient -> drew
pureté -> purity
blessante -> hurtful
dizaine -> dozen
glissaient -> slipped
aveuglante -> blinding
grinçât -> creak
m'échappait -> escaped me
ressortir -> to go out again
lueur -> glow
hoché -> nodded
s'agissait -> it was about
saluaient -> greeted
aperçu -> glimpsed
dodeliner -> to nod
compagnes -> companions
affaissés -> slumped
pleurait -> cried
bredouillé -> stammered
liée -> linked
faisaient -> made
pénible -> painful
singulier -> singular
apercevaient -> perceived
agrippés -> gripping
canne -> cane
crachait -> spat
mouchoir -> handkerchief
carreaux -> tiles
en sortant -> going out
se promener -> to walk
auparavant -> before
rayé -> scratched
l'espèce -> kind
suivre -> follow
vieil -> old
interdit -> prohibited
bâtiment -> building
chœur -> choir
baissait -> lowered
coup -> blow
enfoncées -> embedded
prêtre -> priest
prières -> prayers
bière -> beer/coffin
drap -> sheet
suivants -> following
déléguée -> delegated
nous avons suivi -> we followed
feutre -> felt
calotte -> skullcap
ronde -> round
ôté -> removed
nœud -> knot
d'étoffe -> fabric
lèvres -> lips
ballantes -> dangling
ourlées -> hemmed
curé -> parish priest
fermant -> closing
chaleur -> heat
collines -> hills
menaient -> led
pays -> country
devait -> had to
trêve -> truce
tressaillir -> to shudder
nous nous sommes mis en marche -> we started walking
claudiquait -> limped
prenait -> took
vieillard -> old man
laquelle -> which
bourdonnait -> buzzed
crépitements -> crackling
mouchoir -> handkerchief
s'essuyait -> was wiping
crâne -> skull
montrant -> showing
tape -> tap
chiffre -> number
feutre -> felt
hâtait -> hurried
l'éclat -> brightness
goudron -> tar
enfonçaient -> sank
pulpe -> pulp
cuir -> leather
bouilli -> boiled
gluant -> sticky
terne -> dull
pétri -> kneaded
laqué -> lacquered
crottin -> dung
vernis -> varnish
l'encens -> incense
nuée -> cloud
chaleur -> heat
pris -> took
coupait -> cut
rattraper -> to catch up
tournant -> turning
insolation -> sunstroke
larmes -> tears
ruisselaient -> streamed
rides -> wrinkles
s'étalaient -> spread
se rejoignaient -> joined
détruit -> destroyed
pantin -> puppet
racines -> roots
mêlaient -> mixed
nid -> nest
",french
d5aff35a-423c-4514-af61-0de339b6b3d3,French,General Notes,première partie IV,"raies -> stripes
resserrée -> tightened
roseaux -> reeds
rochers -> rocks
tiède -> lukewarm
paresseuses -> lazy
jouersnageant -> cheeks swimming
crête -> crest
dentelle -> lace
l'écume -> foam
disparaissait -> disappeared
mousseuse -> foamy
retombait -> fell back
tiede -> lukewarm
l'amertume -> bitterness
lèvres -> lips
rafraîchissait -> refreshed
jeter -> to throw
couler -> to flow
déjeunerions -> would have lunch
griffes -> claws
semelles -> soles
charogne -> carrion
manches -> sleeves
éclaté -> burst
manquer -> to miss
aiguë -> sharp
hurlé -> screamed
empli -> filled
plombier -> plumber
locataire -> tenant
pleuré -> cried
ouvert -> open
doucereux -> sweetish
giflé -> slapped
volée -> flight
claque -> slap
ramasser -> to pick up
mégot -> cigarette butt
guignol -> puppet
maquereau -> pimp
fermer -> to close
gueule -> mouth
soûl -> drunk
honte -> shame
trembler -> to tremble
avis -> opinion
témoin -> witness
bordel -> mess
fine -> fine
marmonnait -> was mumbling
fouiller -> to search
emmené -> taken
volubilité -> volubility
baraque -> shack
foraines -> fairs
collier -> necklace
s'égarer -> to get lost
malgré -> despite
recueillait -> collected
croûtes -> scabs
fourrière -> pound
crever -> to burst
souliers -> shoes
craqué -> cracked
cloison -> partition
lendemain -> next day
",french
ef459a71-0a0a-4fa8-81d9-bfbe4721d251,French,General Notes,deuxième partie III,"surviendrait -> would occur
demie -> half
darmes -> weapons
remueménage -> hustle and bustle
menottes -> handcuffs
jurés -> jurors
épaient -> spied
niaise -> naive
puisque -> since
belette -> weasel
engraisée -> fattened
narquois -> mocking
bleue -> blue
témoins -> witnesses
sein -> breast
disparaître -> disappear
moindre -> slightest
voyais -> saw
paille -> straw
tressée -> braided
aussitôt -> immediately
agacement -> annoyance
toussé -> coughed
feuilleté -> leafed through
s'éventant -> fanning oneself
touchaient -> touched
de fort près -> very close
soigner -> take care of
coûté -> cost
conciliabules -> whisperings
chaleur -> heat
munis -> equipped
plaignait -> complained
manie -> habit
plaindre -> pity
c'est la loi -> it's the law
un tel éclat -> such a burst
j'ai senti combien j'etais détesté -> I felt how much I was hated
posait -> posed
coupable -> guilty
d'étonnement -> of amazement
bruyamment -> noisily
apprécieront -> will appreciate
concluront -> will conclude
soutenir -> support
m'empêchait -> prevented me
évanoui -> fainted
fâché -> angry
péremptoire -> peremptory
piquait -> stung
jetait -> threw
roulait -> rolled
panama -> Panama hat
mettre -> put
col -> collar
renfermé prétoire -> courtroom
coudes -> elbows
genoux -> knees
émue -> moved
sanglots -> sobs
poursuivie -> pursued
forçait -> forced
paraissait -> seemed
emmené -> taken
haïr -> to hate
méfaits -> misdeeds
giflé -> slapped
crapuleux -> scoundrel
débauche -> debauchery
honteuse -> shameful
amidonée -> starched
souteneur -> pimp
exerçait -> exercised
plis -> folds
haussé -> raised
plainte -> complaint
d'aveugle -> of a blind person
mener -> to lead
",french
41381813-066f-4976-ba25-6ca1527b2feb,French,General Notes,première partie II,"mécontent -> unhappy
façon -> way
m'empêche -> prevents me
passe -> pass
bouée -> buoy
effleuré -> touched lightly
vers -> towards
hissé -> hoisted
doré -> golden
nuque -> nape
battre -> to beat
moitié -> half
suivie -> followed
taille -> size
nagé -> swam
brune -> brunette
séchions -> we were drying
rhabillés -> dressed again
deuil -> mourning
fautif -> at fault
bête -> beast
jambe -> leg
traversin -> bolster
cuire -> to cook
chaises -> chairs
paille -> straw
dû -> owed
jaunie -> yellowed
cuivre -> copper
découpé -> cut out
cahier -> notebook
mets -> dishes
journaux -> newspapers
faubourg -> suburb
cependant -> however
empêtres -> entangled
genou -> knee
culotte -> shorts
nœud -> knot
marron -> brown
soie -> silk
frêle -> frail
canotier -> boater hat
papillon -> butterfly
voyant -> visible
disait -> said
laqués -> lacquered
cintré -> fitted
pochette -> pocket square
brodée -> embroidered
bouts -> ends
carrés -> squares
dépêchaient -> hurried
ficus -> fig tree
trottoir -> sidewalk
tabac -> tobacco
enfourchée -> straddled
bondés -> crowded
balayait -> swept
sciure -> sawdust
morceau -> piece
orage -> storm
pluie -> rain
stade -> stadium
banlieu -> suburb
marchepieds -> footrests
ramené -> brought back
jouers -> cheeks
hurlaient -> were screaming
poumons -> lungs
périrait -> would perish
rougeâtre -> reddish
revenaient -> were coming back
aussitôt -> immediately
parmi -> among
paraisaient -> appeared
songeurs -> thoughtful
croiser -> to cross
pâlir -> to pale
étoiles -> stars
mouillé -> wet
sourire -> smile
cheveux -> hair
cou -> neck
fraîchi -> freshened
fermé -> closed
tiré -> pulled
",french
d81e99ed-247f-4c81-9eca-0a971e755aee,French,General Notes,première partie V,"cabanon -> cabin
raccrocher -> to hang up
transmettre -> to transmit
tout de suite -> right away
parmi -> among
lesquels -> which
traiterait -> would treat
permettrait -> would allow
fond -> bottom
mécontent -> unhappy
désastreux -> disastrous
réelle -> real
doute -> doubt
tue -> kills
taisais -> was keeping silent
souriant -> smiling
dès -> from
cours -> courses
vécu -> lived
c'est sale -> it’s dirty
peau -> skin
saccadés -> jerky
débarassée -> rid
fiévreusement -> feverishly
jaquette -> jacket
assise -> sitting
empêtré -> entangled
reprocher -> to blame
remarquait -> noticed
précipitée -> hasty
carré -> square
sac -> bag
pourboire -> tip
gousset -> watch pocket
chemin -> path
sûreté -> safety
perdre -> to lose
sur mes pas -> on my steps
écrasé -> crushed
celui-là -> that one
accroupi -> crouched
chaise -> chair
mâchonnait -> was chewing
sommeil -> sleep
fer -> iron
bec -> beak
pommade -> ointment
pauvre -> poor
bâillé -> yawned
remercié -> thanked
gêné -> embarrassed
l'asile -> asylum
jugeât -> would judge
puisque -> since
furtif -> stealthy
geste -> gesture
écailles -> scales
n'aboieront -> will not bark
",french
e58b739f-025e-4df3-b605-d74e61866c78,French,General Notes,deuxième partie I,"arrestation -> arrest
plusieurs -> several
juge -> judge
avocat -> lawyer
lieu -> place
chargeât -> charged
tendue -> tense
rideaux -> curtains
semblable -> similar
tué -> killed
enquête -> investigation
gêne -> discomfort
col -> collar
souhaité -> wished
mourût -> died
témoins -> witnesses
greffier -> clerk
jusqu'ici -> until now
en arrière -> backward
preciser -> specify
suivi -> followed
s'agiter -> fidget
il s'est assis -> he sat down
fourragé -> rummaged
coudes -> elbows
penché -> leaned
disiez -> said
classeur -> binder
brandi -> brandished
devînt -> became
prête -> ready
accueillir -> welcome
mouches -> flies
hauteur -> height
chrétien -> Christian
fautes -> mistakes
cordiaux -> cordial
mêlait -> mixed
m'étonnais -> surprised me
presque -> almost
remettait -> put back
gendarmes -> police officers
",french
08ade831-1f1a-4b7c-9080-b900f5f5394e,French,General Notes,deuxième partie II,"cette partie -> this part
réllement -> really
événement -> event
traversin -> bolster
punaises -> bedbugs
isolé -> isolated
bat-flanc -> bunk
cuvette -> bowl
barreaux -> bars
baie -> bay
coupaient -> cut
bruni -> browned
rejaillissait -> sprang
tue-tête -> deafening noise
par-dessus -> over
tu sortiras et on se mariera? -> you will come out and we will get married?
prendrait encore -> would still take
coûtait cher -> cost a lot
se gonfler -> swell
baie -> bay
îlot -> island
prenait -> took
baisser -> lower
sourire écartelé -> forced smile
étreindre -> embrace
tuait -> killed
mais, a-t-il dit, c'est justement pour ça ...? -> but, he said, that's exactly why ...?
abattu -> downcast
suçais -> sucked
fêlure -> crack
ébréché -> chipped
paillasse -> straw mattress
l'étoffe -> fabric
pendue -> hanging
tellement -> so much
gamelle -> mess tin
cortège -> procession
lucarne -> skylight
puisque -> since
",french
270c358f-1a3a-436a-84f3-e6bb23c649f4,Korean,General Notes,2023-04-09 pronunciation-rules,"# Pronunciation Rules (발음 규칙)

## Consonant Shifts

1. **ㅅ (S) before 'i' or 'y' sounds becomes ""SH""**
   - 시 is pronounced ""shi"" not ""si""
   - 신문 (newspaper) sounds like ""shin-mun""

2. **ㄹ (R/L) in the bottom of a syllable block (받침) is silent**
   - When ㄹ appears as the final consonant (받침), it is not pronounced in certain contexts
",korean
44a58f6f-655d-4603-be62-2256c53161ac,Korean,General Notes,2023-08-27 literature-sunhwa,"# Reading Notes: 선화 by 김이 (은행나무 출판사)

## Original Passage

> 선화...
> 언제 우리가 긍여자을
> 눈여겨본 적이 있었던가?

---

> 니는 타인의 흉터를 빤히 쳐다보는 버룻이 있었다.

> 누구든 상처가 있다. 상처에서 흐르던 피가 굳고 딱지가 내려앉고, 딱지가 떨어진 자리에 솟은 새살이 바로 상처를 반추하게 하는 흉터였다.

> 그래서 나는 사람들의 흉터를 유심히 관찰하곤 했다.

> 어찌다 그랬을까 상상기도 하고, 아물기까지 얼마나 걸릴지 혼자 추측해보기도 했다. 때로 커다란 흉터나, 흉하게 일그러진 흉터를 혼자 보면 나도 모르게 안도가 되기도 했다.

> 세상에 나만 흉터가 있는 게 아니었으니까.

## Vocabulary

| Korean | English |
|--------|---------|
| 흉터 | scar |
| 상처 | wound |
| 딱지 | scab |
| 새살 | new flesh/skin |
| 반추하다 | to ruminate, reflect |
| 유심히 | attentively, carefully |
| 관찰하다 | to observe |
| 빤히 쳐다보다 | to stare intently |
| 아물다 | to heal (a wound) |
| 일그러지다 | to become distorted |
| 안도 | relief |

## Themes

The narrator has a habit of staring at other people's scars. Everyone carries wounds -- blood dries, scabs form, scabs fall away, and new skin rises in their place, but the scar remains as a reminder. The narrator finds a strange comfort in observing others' scars: ""Because I wasn't the only one in the world with scars.""
",korean
4e73441e-d12f-4baf-8e91-5073782ca247,Korean,General Notes,2023-04-08 gym-vocabulary,"# Gym Vocabulary (헬스장 단어)

Notes on Korean gym culture and vocabulary, collected from community discussions.

## Useful Phrases

| Korean | English |
|--------|---------|
| 몇 세트 남았어요? | How many sets do you have left? |
| (저는 ~ 할 건데) 좀 보조 해주실 수 있나요? | (I'm going to do a ...) Can you spot me? |
| 아직 쓰시고 있나요? | Are you still using this? |
| 하루에 몇 끼 먹나요? | How many meals do you eat a day? |

## Vocabulary

| Korean | English | Notes |
|--------|---------|-------|
| 기구 | machine/equipment | Preferred over 기계; people also just say 머신 |
| 헬창 | gym rat | Abbreviation of ""health whore"" -- used as a playful compliment among gym-goers, but can sound crude outside that context |
| 빵빵하다 | big/pumped (muscles) | e.g. 근육이 빵빵! |
| 체지방 | body fat | |
| 체중 | body weight | |
| 끼 | counter for meals | e.g. 하루에 몇 끼 먹나요? |

## Social Media

| Abbreviation | Full Form | Meaning |
|--------------|-----------|---------|
| 오운완 / ㅇㅇㅇ | 오늘도 운동 완료했다 | ""I finished my workout for today"" |
",korean
2f93da1c-aec4-4fd5-aee1-02e55d5b22f4,Korean,General Notes,2023-08-27 keyboard-practice,"# Korean Keyboard Practice (한국어 키보드 연습)

Keyboard layout familiarization exercise. The word 산화 means ""oxidation.""

## Notes

This file was used for practicing the Korean keyboard layout (두벌식/Dubeolsik), getting familiar with consonant and vowel key positions.

### Korean Keyboard Layout Reference

```
ㅂ ㅈ ㄷ ㄱ ㅅ  ㅛ ㅕ ㅑ ㅐ ㅔ
ㅁ ㄴ ㅇ ㄹ ㅎ  ㅗ ㅓ ㅏ ㅣ
ㅋ ㅌ ㅊ ㅍ ㅠ  ㅜ ㅡ
```

Shift layer adds tense consonants: ㅃ ㅉ ㄸ ㄲ ㅆ and compound vowels: ㅒ ㅖ
",korean
a425229b-0574-47d0-9cef-0e01f4b98aeb,Portuguese,General Notes,2022-03-24 food-and-culture,"Fazer sala: make small talk
Lei da Camisinha : Lei que manda que os hoteles ofrecem gomas.

Henrique recomenda:
Jaboticava, paçoquinha, pastel de feira, pastel de Belém, coco verde,
Bolinho de quiejo, croquete, coxinha, brigadeiro, bala de banana,
Tapioca, salgadinho, fandangos de milho,

Coisas exóticas anu pra um brasileiro:
Cupuaçu, acerola, chimarrão, escondidinho, acarajé, baião de dois, caipirinha

Jogo do bicho (""animal game"") is an illegal gambling game in Brazil, prohibited by federal law since 1946

Moleque da rua: street urchin
Empregada/domestica/faxineira : maid",portuguese
cc108db8-41ae-4ffc-b9c7-82cdd63ba3ff,Portuguese,General Notes,2022-03-22 carioca-slang-dictionary,"Num dá pra da um jeitinho? : Is there a way around this? Um dito poderoso bem brasiliero

1- Caô
Se alguém no Rio está contando uma mentira, ele não está mentindo; está “metendo um caô”. A palavra caô, no dicionário de gírias cariocas quer dizer mentira, lorota, papo furado.
Exemplo: Para de caô, eu já sei que que você não foi para Copacabana!

2- Bolado
Bolado entre as gírias cariocas
Carioca não fica com raiva ou irritado; ele fica “bolado”. Então, quando algum carioca ficar “bolado” com você, pode procurar uma forma de descobrir onde errou, porque à toa não é!
Exemplo: Eu estou bolado porque marcamos de ir para a Lapa e você não foi!

3- Parada
É uma das gírias cariocas que estão conquistando o resto do Brasil. Tem o mesmo significado de “trem” para os mineiros e “bagulho” para os paulistas, ou seja, serve para substituir a palavra coisa.
Exemplo: Eu separei aquela parada que você pediu!
Também pode ser usado como “isso mesmo”, “é isso aí”, como uma forma de concordar com algo que uma pessoa está dizendo.

4- Mermão
Junção das palavras “meu” e “irmão”, essa é uma das gírias cariocas que podem ser usadas tanto para se referir à pessoa com a qual se está conversando, seja um amigo ou não.
Exemplos:
Mermão, se você continuar contando mentiras, vai “dar ruim” pra você!
A praia estava muito boa hoje, mermão!

5- Tá ligado?
É o questionamento utilizado pelo carioca para saber se a pessoa entendeu o que ele quis dizer.
Exemplo: Eu vou mais cedo, e te encontro na Barra, tá ligado?

6- Maneiro
É um adjetivo que, nas gírias cariocas, significa que algo é legal, interessante. A gíria “show” também se encaixa nesse caso.
Exemplo: Vi um tênis maneiro enquanto passeava pelo Centro hoje!

7- Trocar uma ideia
Carioca não conversa nem bate papo, carioca troca uma idéia! É a gíria utilizada quando se diz que precisa conversar com alguém.
Exemplo: Preciso trocar uma ideia com você sobre a visita ao AquaRio!

8- Se liga!
Quando um carioca diz para alguém se ligar, ele quer que a pessoa preste atenção, fique atento.
Exemplo: Se liga cara, a sua mãe vai te esperar em frente o hotel Arosa.

9- Dar uma moral
Quando você vai pedir ajuda a um carioca, ele não vai te ajudar; vai te dar uma moral.
Exemplo: Será que você poderia me dar uma moral no trabalho da faculdade?

10- Tirar onda
Segundo as gírias cariocas, se alguém possui uma habilidade diferente ou aparece com algo que as pessoas consideram bonito e interessante, ela fica tirando onda.
Também pode ser usada quando uma pessoa acredita que está sendo enganada por outra, sendo passada para trás.
Exemplos:
Sua irmã tirou onda com aquelas fotos no Cristo Redentor.
Você tá tirando onda com a minha cara?

11- Rolé
Quando os cariocas vão dar um passeio com os amigos, eles, na verdade, vão dar um rolé.
Exemplo: Dei um rolé maneiro pela Lapa hoje.

12- Coé!
É a junção de “qual” e “é”, usado como uma forma de cumprimento entre os cariocas. Também pode ser usada para reforçar a indignação em uma conversa.
Exemplos:
Coé mermão, tudo tranquilo?
Coé cara, você tá me enrolando?

13- Já é!
É uma das gírias cariocas utilizadas como uma confirmação durante a conversa. Nessa situação, os cariocas também utilizam “demorou” ou “fechou”.
Exemplo: – Voce: Vamos para o Museu do Amanhã às 14hrs, tudo bem? Eu: Já é!

14- Deu ruim
Quando alguma coisa dá errado na vida de um carioca, ele diz para todos que deu ruim.
Exemplo: Deu ruim a nossa ida ao shopping, meu cartão foi bloqueado.

15- Mete o pé
O carioca não sai e vai embora de um lugar, ele mete o pé.
Exemplo: Vou meter o pé, porque já está tarde!

16- Valeu
É a gíria carioca utilizada para agradecer a alguém.
Exemplo: Valeu pelo presente!

17- Sinistro
O carioca utiliza a palavra sinistro como um adjetivo tanto bom quanto ruim, dependendo do contexto em que é utilizado.
Exemplos:
Achei sinistro o resultado das obras do Porto Maravilha.
Aquela prova de matemática hoje estava sinistra!


Diccionario Carioca:

AAAAAAAAAAAAAAAAAAAAAAAAAAAAAAAAAAAAAAAAAAAAA
A gente se ve: nos vemos

Alugar: Alquilaje, metaforicamente: Ela me alugou noite toda (Me aburrió toda la noche)


Alucinante: excelente

Amarelar: to chicken out

Aparece lá em casa: Adios, sarcastico 

ape: apartamento pra seis o mais

armar: to set up a date or trip
BBBBBBBBBBBBBBBBBBBBBBBBBBBBBBBBBBBBBBBBBBBBBBBBBBBBBBBBBBBBBBBBBBBBBBBBBBBBBBBBBBBBBBBBBBBBBBBBBBBB
babaca: jerk
Badalada: a place or thing that is happening
Baranga: garota fea
Boteco: carioca fast food place
Botequim: large boteco

CCCCCCCCCCCCCCCCCCCCCCCCCCCCCCCCCCCCCCCCCCCCCCCCCCCCCCCCCCCCCCCCCCCCCCCCCCCCCCCCCCCCCCCCCCCCCCCCCCCC
Cadê...?: Onde tá...?
Camelo: street vendor
Caninha: cachaça, or a police officer
Chifrar: enganar
chinelos: slippers, flipflops
chocante: excelente
Chopp, choppinho: draft beer
Cidade maravilhosa: RJ

DDDDDDDDDDDDDDDDDDDDDDDDDDDDDDDDDDDDDDDDDDDDDDDDDDDDDDDDDDDDDDDDDDDDDDDDDDDDDDDDDDDDDDDDDDDDDDDDDDDD
Dar um rolé, go for a ride for fun.
EEEEEEEEEEEEEEEEEEEEEEEEEEEEEEEEEEEEEEEEEEEEEEEEEEEEEEEEEEEEEEEEEEEEEEEEEEEEEEEEEEEEEEEEEEEEEEEEEEEE
é mérmo: really, no kidding?
FFFFFFFFFFFFFFFFFFFFFFFFFFFFFFFFFFFFFFFFFFFFFFFFFFFFFFFFFFFFFFFFFFFFFFFFFFFFFFFFFFFFFFFFFFFFFFFFFFFF
Falou: OK, alright
Fio dental: dental floss, string bikini
Fique numa boa: Stay cool
Flanelinha: stranger who will watch your parked car. Street scum.
GGGGGGGGGGGGGGGGGGGGGGGGGGGGGGGGGGGGGGGGGGGGGGGGGGGGGGGGGGGGGGGGGGGGGGGGGGGGGGGGGGGGGGGGGGGGGGGGGGGG
galera: grupo, gente
gata: nice-looking woman
Gatão: nice-looking man; gato is a young gatão
Gaúcho: local of Rio Grande do Sul
grana: money cash
Guardador: see Flanelinha
KKKKKKKKKKKKKKKKKKKKKKKKKKKKKKKKKKKKKKKKKKKKKKKKKKKKKKKKKKKKKKKKKKKKKKKKKKKKKKKKKKKKKKKKKKKKKKKKKKKK
kanga: rectangular piece of material covering bikini
MMMMMMMMMMMMMMMMMMMMMMMMMMMMMMMMMMMMMMMMMMMMMMMMMMMMMMMMMMMMMMMMMMMMMMMMMMMMMMMMMMMMMMMMMMMMMMMMMMMM
malhar: work out
Maneiro: Interesting...
Macumba: frango, manioca, arroz, licor e um cigar
Me vê aí...: Give me ...
NNNNNNNNNNNNNNNNNNNNNNNNNNNNNNNNNNNNNNNNNNNNNNNNNNNNNNNNNNNNNNNNNNNNNNNNNNNNNNNNNNNNNNNNNNNNNNNNNNNN
Novela das oito: soap opera 8:30->9:30
Num dá pra dá um jeitinho: Isn't there a way around this?
OOOOOOOOOOOOOOOOOOOOOOOOOOOOOOOOOOOOOOOOOOOOOOOOOOOOOOOOOOOOOOOOOOOOOOOOOOOOOOOOOOOOOOOOOOOOOOOOOOOO
Olha só: Look.
O negocio é o seguinte: The story is the following... (4 minute lie).
PPPPPPPPPPPPPPPPPPPPPPPPPPPPPPPPPPPPPPPPPPPPPPPPPPPPPPPPPPPPPPPPPPPPPPPPPPPPPPPPPPPPPPPPPPPPPPPPPPPP
Pa caralho: A lot
Pagar um mico: do something foolish
Parafina: bleached blonde
Pentelho: irritating person, from the term for pubic hair
P.F. : prato feito, colocado no botequim
Pisar na bola: to blow it
Po aí: cmon...
pochete: device cariocas carry with pocket money keys and IDs
Po, que saco: what a drag!
QQQQQQQQQQQQQQQQQQQQQQQQQQQQQQQQQQQQQQQQQQQQQQQQQQQQQQQQQQQQQQQQQQQQQQQQQQQQQQQQQQQQQQQQQQQQQQQQQQQQ
Qualé: what's up? As in, qualé a tua ""what's the matter with you?
RRRRRRRRRRRRRRRRRRRRRRRRRRRRRRRRRRRRRRRRRRRRRRRRRRRRRRRRRRRRRRRRRRRRRRRRRRRRRRRRRRRRRRRRRRRRRRRRRRRR
Rango: food. Also, rangar means to eat
ratear: to steal or fool someone
SSSSSSSSSSSSSSSSSSSSSSSSSSSSSSSSSSSSSSSSSSSSSSSSSSSSSSSSSSSSSSSSSSSSSSSSSSSSSSSSSSSSSSSSSSSSSSSSSSSS
Sunga: roupa de banho
TTTTTTTTTTTTTTTTTTTTTTTTTTTTTTTTTTTTTTTTTTTTTTTTTTTTTTTTTTTTTTTTTTTTTTTTTTTTTTTTTTTTTTTTTTTTTTTTTTTT
Tá na boa: It's cool
Tanga: small bikini
transar: have sex, make a deal
UUUUUUUUUUUUUUUUUUUUUUUUUUUUUUUUUUUUUUUUUUUUUUUUUUUUUUUUUUUUUUUUUUUUUUUUUUUUUUUUUUUUUUUUUUUUUUUUUUUU
Uma estupidamente gelada: extremely cold beer
lourinha: cute blonde or beer
VVVVVVVVVVVVVVVVVVVVVVVVVVVVVVVVVVVVVVVVVVVVVVVVVVVVVVVVVVVVVVVVVVVVVVVVVVVVVVVVVVVVVVVVVVVVVVVVVVVV
Vamo nessa: Let's go
Viu?: See? Get it?
Viado: gentleman
ZZZZZZZZZZZZZZZZZZZZZZZZZZZZZZZZZZZZZZZZZZZZZZZZZZZZZZZZZZZZZZZZZZZZZZZZZZZZZZZZZZZZZZZZZZZZZZZZZZZZ
Zona Sul: southern touristic area


Tititi: gossip


Sutilidade Carioca:
A gente se ve -> we will never see each other again
Te ligo -> I will never call you
Aparece lá em casa -> Do not show up at my place



Packing for a Carioca Lifestyle:
1. 5 surfer t-shirts
2. 3 surfer shorts
3. 2 sungas
4. 1 jeans
5. pochete
6. Havaianas 
7. 5 work out attire
8. Tennis shoes
9. Waterproof watch
10. Dress shirt

Incoerente: incoherent
Deixa eu terminar: permite-me completar o que quero dizer
Rabo de gola: cachaca pura
malagueta: tempero picante pra feijoada
Bolinho de bacalhau: pez frito
Aipim frito: manioca frita
saideira: bebida gratis
Te pago na volta, mermaid: I'll pay you later, buddy
Olha a asa: ""Watch out for the hang-glider""
Biscoito de polvilho: air biscuit, sold on beach doce o salado

",portuguese
3b1246d6-4148-4afb-b7ed-94f833505754,Portuguese,General Notes,2024-07-06 text-abbreviations,"vc = você

pq = porque/por que/por quê/porquê

q = que

n = não

s = sim

vdd = verdade

nd = nada (either meaning ""nothing"" or short for ""de nada"")

tb/tbm = também

ngm = ninguém

pfv/pfvr = por favor

tmj = tamo junto (""tamo"" being short for ""estamos""; the literal meaning is ""we're together"")

blz = beleza

mds = Meu Deus

fds = final de semana (and occasionally foda-se, but don't worry the context should be enough for it not be confused lol)

obg = obrigado

vlw = valeu

bj/bjs = beijo(s)

abs = abraços


",portuguese
915c8429-fd36-4a7b-a383-0105ffb8e889,Portuguese,General Notes,2022-03-18 idioms-and-phrases,"Idiomas Comunes:

1. tirar o cavalinho da chuva : perder fe numa ideia
Ejemplo: Se espera pra mim arrumar a casa, tira o cavalinho da chuva.

2. Meter o pé : sair dum lugar
Ejemplo: Esta discoteca ta ruim, vaimos meter o pé.

3. Baixa a bola: baixar o nivel
Ejemplo: Não é tão incrível: baixa a bola.

4. Cada macaco na seu galho: literalmente, cada mono na seu ramo - cada pessoa e diferente
Ejemplo: O que e seu problema? Cada macaco na seu galho.

5. Voce está com a faca e o queijo na mão - O poder tá suas mãos; somente tem que evitar errores
Ejemplo: Ela gosta de ce: voce está com a faca e o queijo na mão 

6. Segurar vela : estar a roda terceira 
Ejemplo: Quando estava com esse par, eu estava segurando vela

7. Enchendo linguiça : cheirar uma conversação de nada
Ejemplo: Ele não disse nada; tava enchendo linguiça

8. Está bolado: estar incomodado o irritado
Ejemplo: Este ruide ta ruim; estou bolado

9. molhar o biscoito ; ter sexo
Ejemplo: Quando acordei, molhe o biscoito

10. descascar o abacaxi ; enfrentar uma situação difícil
Ejemplo: Quando resolveu esse problema, descascou o abacaxi

11. catar coquinho: saiar de aqui
Ejemplo: Me tratou de robar? Cata coquinho

12. Dois coelhos com uma cajadada: kill two rabbits with one staff
Ej


Frases comunes:
Até mais - nós vemos pronto
O tempero - spices
Garota de programa - hooker








",portuguese
bc2a6de6-f807-466c-be25-dc763b23fb1b,Portuguese,General Notes,2022-06-29 vocabulary,"docência - docency
sábio - date
altear - 	raise 
adiantado -	advanced
testa - 	forehead
teleférico -	ski lift
Ebulir	-	boil
Sussuro - 	swish sound
Sintaxe	-	syntax
Laurear	- 	praise, laud
promontório -	headland
Abóbada - 	dome
Abobado -	foolish, crazy
Espancar - 	spank, beat
Remissa - 	
Valente - 	
Pingo - 	
Ossada - 	
basear-se -	to be based on
babá - 		nanny, nursemaid
Baba - 		drool, slobber
Manutenção
Tartaruga -	turtle
Lebre -		hare, rabbit
à mercê de - 	at the mercy of
ponto de ônibus - bus stop
parceria 	-	partnership, association 
Aparelho - device
Proibir, proibido - prohibit, prohibited
Oleaginosas - 	oily, greasy, oleaginous
Julgado - territory, borough or municipality under the jurisdiction of a judge
Ácido Graxo - fatty acid
Poupar - to save
Queixa - complaint
Não caia nisso! - ""Don't fall into that""
Lombada - range of hills, mountain range, rump; speed bump
Barulho - noise
Trava - bolt, cleat
Percurso - arrowroute, passage, course,  trajectory
Seta - arrow
Fatura - invoice
Afugentar - scare off
lâmpada - bulb
Painel - painting
morna - lukewarm
pastilha - pill
Tampa - lid, top, cover
Vazamento - leakage
Mangueira - mango tree, hose
Marrom - brown
Arlequinada - farce
Coringa - joker (cards)
Atingir - hit, strike
abatimento - cut, cutting down
Defasagem - difference, gap, phase, displacement
Patamar - landing
Constatar - verify, take note of
à espreita - on the prowl, lookout
Colchão - mattress
avulso - separate, distinct
plugue - electrical plug
pino - tack
quesito - aspect
destaque - highlight, focus
veredito - verdict 
razoável - reasonable 
testado - tested 
quantia - amount 
indenização - compensation , indemnity
Alegar - to allege
aquecedor - heater
esgoto - sewage
desempregado - unemployed
fornecedor - supplier 
endividamento  - debt
travamento - paper jam, computer crash
esticar - stretch out, lengthen, dilate
Demitido - dismissed
verba - budget, funds
rescisório - termination
despesa  - expenditure 









",portuguese
fab241dc-92a0-4789-bce0-933411a68bb4,Portuguese,General Notes,definitions,"abafadiço
->(of weather or a location) likely to become, or which often becomes muggy, sultry (hot and humid)

abafado
->(of weather or a location) muggy, sultry (hot and humid)
->(of sound) muffled (almost mute; deadened) 
->(Brazil, slang) stolen (that has been stolen)

abastecer
->(“to supply, to suffice”)

abatido
->abject, discouraged

abatimento
->(discount, rebate)
->(cutting down)

abluir
->to wash

abordagem
->approach (a manner in which a problem is solved or policy is made)

abrangente
->Broadly inclusive; comprehensive.

absorver
->to absorb

abóbada
->vaulted (arched ceiling)

acabamento
->finishing (act of finishing something)

acareado
->brazen

acarretar
->to cart (transport in a cart or similar)
->to carry
->to cause, bring about

acatar
->to abide

acertado
->done right (feito com acerto)

acertar
->(corrigir)
->(fazer corretamente)

acionado
->Gesto, sinal gesticulado.
->Conjunto de gestos ou modo de gesticular do orador.
->[Jurídico, Jurisprudência]  Demandado.

acirrada
->incited, irritado

acolher
->Dar ou receber refúgio, abrigo ou protecção (ex.: a instituição acolhe dezenas de sem-abrigo; acolheu-se debaixo do telheiro por causa da chuva). = ABRIGAR, PROTEGER, RECOLHER, REFUGIAR 
->Dar ou receber hospedagem. = ALOJAR, HOSPEDAR verbo transitivo 
->Receber junto de si (ex.: o professor acolhe os alunos com simpatia).

aconchegante
->cozy

aconchegar
->to cuddle

acudir
->to help, to assist

adequar
->(ajustar, adaptar, acomodar)

adesão
->(aderência, junção)
->(filiação a um partido, etc.)

adiar
->(deixar para depois, protelar)

adoecer
->(to ache, tornar doente, caer doente)

advogar
->(to advocate)

afastado
->far; faraway

afastar
->(transitive) to repel, to move apart
->(reflexive) to retreat, to go back

afegão
->relating to Afghanistan

afeta
->to affect

afetiva
->relating to, resulting from, or influenced by the emotions

afeto
->affection, fondness

afetuoso
->affectionate (having affection)

afogar
->to drown

afugentar
->to drive away (Obrigar a fugir, a retirar-se.)

agarramento
->Acto de agarrar. = AGARRAÇÃO
->[Brasil]  Qualidade de quem é agarrado com dinheiro. = AVAREZA, SOVINICE
->[Brasil, Informal]  Ligação estreita, união constante entre duas ou mais pessoas.
->[Brasil, Informal]  Namoro com troca de carícias voluptuosas. = AGARRAÇÃO, AMASSO

agendamento
->scheduling

agravante
->aggravating

agrupar
->to group, to classify

aguentar
->to endure

ajuizar
->to judge

alabastro
->alabaster

alcachofra
->artichoke

alegar
->Citar, fazer referência a.

algemas
->handcuffs

alheio
->foreign, alien

alicerçado
->(que tem alicerces, [foundation], bem firmado, [well-based])

alinhado
->Que está em linha recta

alisado
->sauvizado

almejar
->desejar, implorar, almejar, suplicar, precisar, suspirar por

almirante
->admiral

almíscar
->musk

alpendre
->front porch, terrace, overhang

alvoroço
->uproar, bustle

amadorismo
->amateurism

amalucado
->maluco, crazy

ameaça
->(threat, esp: amenaza)

amedrontar
->assustar, intimidar

amoníaco
->ammonia

amordaçar
->gag, muzzle

amostrar
->mostrar uma pequena parte mesmo que mostrar é exposição

amperagem
->Intensidade de uma corrente eléctrica medida em amperes.

anais
->annals

ancho
->broad, wide 
->conceited (orgulhoso, vaidoso)

anfitriã
->A dona da casa (hostess)

ansiar
->to yearn

antenuado
->attenuated, (reduzido)

anão, anã
->dwarf

aparelho
->device, gadgets, instrument

apego
->(afeição, amor)

apelidar
->dar alcunha, nickname

apinhado
->cheio de gente

aposentar
->(parar de trabalhar)

aposento
->(casa: quarto, cômodo)

apostar
->(Não duvidar, estar certo. fazer aposta) to wager, to bet

apressar
->to rush, to hurry

aprimorado
->enhanced, refined

aprimoramente
->(better, origem: primor -> excêlencia)

aprontar
->preparar-se

apólice
->policy

aquarela
->watercolor

aquecedor
->heater

arame
->(nome, wire)

arcar
->(responsabilidade: assumir) 
->(arquear) to arch or to bend

areoso
->sandy

argola
->(ring, link)

armadilha
->trap

arranhador
->scratching post

arrasado
->devastated, rocked

arrebatadora
->ravishing

arrebatar
->snatch, grab (arrancar, retirar)
->enrapture (conquistar)

arrebitar
->turn up, raise, lift

arrependo
->regret

arriscar
->to risk

artilharia
->artillery

artrite
->arthritis

assado
->roasted
->(figuratively) overdone

atiçar
->to stir, poke

atochado
->to wedge (to force into a narrow gap)

atrapalhar
->to disturb

atrelado
->attached

atrito
->friction

atuação
->(resultado de atuar), performance

auferir
->(conseguir, obter)

avassalar
->overwhelm

averbar
->register

avermelhado
->reddish

aversão
->aversion

avulso
->separate, detached, independente, separado, isolado, desligado, não unido

avós
->grandparents

azzurro
->azure

babá
->babysitter

baforada
->puff, whiff, exhalation

balela
->rumor

barbante
->string, corda, fio

barbatana
->fin, flipper

barulho
->sound, hubbub (ruido, som, gritaria)

basear-se
->to be based on

beldade
->beauty

beliscar
->pinch, nibble (dar apertão com dedos)

beltrano
->so-and-so

beterraba
->beet, beetroot

birrento
->grumpy, stubborn, obstinate

biruta
->(saco cônico: indica direção dos ventos)
->(maluco, insensato, louco)

biscoito
->(cookie, cracker)

bisnetos
->great grandson

bobagem
->coisa sem importância
->[Brasil]  Presente modesto a alguém que faz anos

bocejar
->to yawn

bochecha
->cheek

bolota
->acorn

bombona
->bonbon

bomboneira
->candy box

bondinho
->(ski box, teleférico)

bordel
->brothel (prostíbulo)

borrifador
->spray, sprinkler

bracejar
->Agitar os braços

branquejar
->To whiten, bleach

brinde
->toast (salutation for alcohol)

brinquedo
->    toy, plaything

britar
->to break into pieces (destroçar, acabar com, fragmentar)

brochura
->brochure

bronca
->scolding

bufante
->puffy

buquê
->bouquet

burlado
->cheated

buzinar
->to honk

bênçãos
->blessings

cabeludo
->hairy

cabiveis
->applicable

caboclo
->person of mixed indigenous and white parentage

cacoete
->tic, grimace

cafofo
->home, house

caleche
->carriage

calejado
->calloused

calçado
->shoe

calúnia
->slander, calumny

cambada
->bunch of people, tribe

camurça
->suede

canalizar
->to plumb, to channel

capinar
->to mow, to weed

carambola
->starfruit

caramujo
->snail

carente
->Que carece; necessitado

carnoso
->fleshy

carreata
->motorcade

carroceria
->bodywork

carvalho
->oak

cascata
->waterfall

castelos
->castles

castiçal
->candlestick

catalogada
->catalogued

cativante
->captivating

cativeiro
->captivity

caçamba
->bucket

celidez
->celerity

centelha
->spark, twinkle

cenário
->scenery

cerume
->earwax

chafariz
->fountain

chaga
->ferida, ferimento

chamativa
->flashy,

chapinha
->alisador de cabelo

chefia
->(cargo do chefe)

chibata
->a whip

chumbo
->lead

chupeta
->pacifier

ciente
->consciente, informado

cilada
->a trap

coaxar
->to croak

cochilar
->(dormir: rápido e leve)

coeso
->coerente, lógico

colchão
->mattress

coletar
->to collect ((juntar, apanhar))

colhido
->picked, chosen, escolhido

compleição
->complexion

comprovar
->to prove, to testify

constragedor
->awkward, embarassing

contorno
->outline, contour

conturbada
->lugar difícil

convidativo
->inviting, atraente

copista
->copyist

coqueluche
->whooping cough

corante
->coloring, dye

corar
->to blush, to flush

cordilheira
->mountain range

corretora
->broker (Entidade intermediária em compras e vendas no mercado financeiro, especialmente em transacções na bolsa)

couro
->leather

credor
->a creditor

cretinice
->stupidity

crise
->a crisis

cume
->a ridge, a summit

cumprido
->fulfilled

cutucar
->to poke (dar sinal: tocar corpo)

cárie
->a cavity

câimbra
->a cramp, a knot

debandada
->a stampede

debelar
->Vencer em luta

decaído
->fallen, decayed

decote
->neckline, corte ou abertura no alto de uma peça de vestuário de modo a deixar o colo a descoberto

defesa
->defense

delatar
->to denounce, acusar como autor de crime

demitir
->to dismiss

depilação
->waxing, hair removal

depoimento
->testimonial

depurar
->to purify, to debug

derreter
->to melt, to thaw

desajustado
->maladjusted

desalentada
->desanimado, disheartened

desalmado
->soulless

desapego
->indiferença

desassombrar
->ACLARAR, CLAREAR, ILUMINAR

desbravar
->explorar

descolagem
->(aircraft: departure, launch) (BRA)

descomunal
->uncommon, rare

descrença
->incredulity, disbelief

desembaçador
->defroster, defogger

desembolsar
->disburse, to pay out

desencapar
->Retirar a capa ou a cobertura, uncap

desencontrar
->Não estar conforme com; discordar

desfalque
->embezzlement

desgaste
->wear-and-tear, abrasion, erosion

deslumbrante
->gorgeous (esplêndido, grandioso, suntuoso)

desnortear
->bewilder, (confundir, desnortear, labutar)

desodorante
->deodorant

despejo
->eviction

desperdiçar
->to waste, to squader

despesa
->gasto, expense

despojado
->(person: lonely, heartbroken)  (tidy, clear of litter)

desprendido
->detached, indiferente

destaque
->a highlight, assunto relevante

destinar
->to allocate (dar destino, designar)

destruir
->to destroy

desunir
->to divide, disassemble

desvencilhar
->to disentangle

detido
->detained

dezenas
->dozens

diluir
->to dilute

docência
->teaching, docency

dodô
->extinct bird

doer
->to hurt, to be hurt

dolo
->deceit, fraude

doloso
->deceitful

dom
->(talento, aptidão)

domar
->domesticar

dribla
->to dribble

drogaria
->pharmacy

dublê
->lookalike, double

dádiva
->graça, donativo, dom

eivar
->to evade

eleger
->to elect, to choose

elegível
->eligible

elitizado
->Tornar elitista ou próprio de uma elite.

embalada
->wrapped (product: in a packet)

embalagens
->multi-pack

embalar
->embrulhar, envolver com algo

embora
->(apesar, ainda que) although

empacotador
->packer

empolga
->get excited (impressionar-se)

empreendimento
->an enterprise (ato de assumir tarefa)

empreitada
->contract work (trabalho combinado antes)

emprestar
->to lend money

encaixar
->to fit in

encanamento
->plumbing

encarada
->a stare

encarar
->to face, to look at

endeusar
->to deify

enfeite
->decoration

enfraquecer
->to weaken

engajado
->engaged

engarrafamento
->traffic jam

engatinhar
->to crawl

engolir
->to swallow

engrandecido
->magnified

enjoado
->seasick

enlameado
->muddy

enquadram
->frame

enquadrar
->to frame

enrabichado
->infatuated

enrijecer
->to make rigid

entrelaçar
->to interlace

entumecer
->to bloat

enxergar
->Divisar; perceber; entrever

esbanjamento
->(wasteful extravagance)

esbocar
->to outline (delinear, bosquejar, tracejar)

escada
->staircase

escadaria
->a flight of stairs

escarlatina
->scarlet fever

escarnio
->derision, mockery

escarpado
->sloped

escorar
->to prop up, (apoiar, encostar)

escorregador
->slide

escova
->hairbrush (objeto para escovar cabelo)

escravocrata
->slave-holder

escurecer
->to darken

esgotado
->drained, wasted

esgotamento
->exaustão, fadiga

esgoto
->drain, sewage

esgrima
->fencing

esmorecer
->to dismay, to lose courage

espalhar
->to make public

espancar
->to spank

espargir
->to sprinkle

esperto
->clever, intelligent

espreitar
->to lurk, to stalk

estacas
-> (fence made of wooden stakes or posts)

estagiário
->trainee, intern

estarrecedora
->terrifying

estiagem
->a drought

esticar
->to stretch

estilhaçar
->to splinter, to shatter

estocar
->to stock up on

estofar
->to upholster

estoque
->a stock

estornar
->reembolsar (to return)

estragar
->to screw up, to blunder

estreito
->narrow

estrondar
->to roar, thunder, make a great noise

esvaecer
->to dissolve, to vanish

esvair
->dissipate, evaporate

etária
->relating to age

eximir
->exempt, exonerate, clear

extravio
->miscarriage, misleading, loss

fagote
->bassoon

falir
->to go bankrupt

falência
->bankruptcy

faminto
->hungry (voraz)

farolete
->rear light on car

faróis
->headlights

fatia
->a slice

façanha
->a feat (realização de ato heróico)

faísca
->a spark

feirante
->marketer

feltro
->felt

fenda
->a crack

feriados
->holiday

ferrenho
->intense, passionate

fiambre
->cold ham

fibraoptica
->fiberoptic

ficha
->a token, slip

fidelização
->customer retention

fiel
->faithful

fileira
->row (ala de assentos)

fliperama
->arcade with games

fogosa
->fiery, burning

fogueira
->bonfire, firepit

folião
->partygoer

forja
->forge, foundery

fornecedor
->supplier

forró
->Brazilian folk music

fosco
->matte (opaco, sem brilho)

fralda
->diaper

franquia
->franchise

freguês
->client, shopper

frota
->fleet (conjunto de veículos)

frouxo
->loose, weak, flácido, mole

fulano
->so-and-so

fuleira
->worthless, corny, tacky

furada
->(skin: pockmarked) (pele)

furto
->roubo, robbery, theft

fuçar
->to root, to dig

fécula
->starch

galgar
->saltar, pular
->figurado (superar)

galopar
->to gallop

gandaia
->vagrancy, idleness

gasoso
->gaseous

geada
->frost

gerir
->to manage

gestor
->(administrador, gerente)

gincana
->scavenger hunt

girino
->tadpole

glacẽ
->glaze

gotejar
->to drip, to tricle

gracejos
->jokes, banter

graxo
->greasy, gorduroso

guidom
->handlebars

guincho
->shriek, cry (som alto e agudo)

gulodice
->delicacy, titbit

herdar
->to inherit

herdeira
->inheritance

homenzarrão
->tall, stout man

homologação
->formal approval

horta
->vegetable garden

idôneo
->competente, qualificado, autorizado,

iguaria
->delicacy

imponência
->grandiosidade, pompa, majestade

imprevisível
->unpredictable

inadiável
->unavoidable

inapelavelmente
->hopelessly

inchado
->swollen, inflated

incolume
->scot-free, unharmed

indagar
->to inquire

indenizar
->reimburse

indenização
->idemnfication

inibido
->inhibited

insolito
->(accident: improbable)

insone
->insomniac

insumo
->input

insurreccional
->insurrectionary

intriga
->intrigue

inusitado
->unusual

isento
->free, exempt

jazer
->to lie down, to rest

joelhos
->knees

julgado
->judged

julgar
->to judge

justificativa
->justification

jônico
->ionic

lacrada
->sealed

lacrimoso
->tearful

lagartixa
->lizard

laje
->slab

lamaçal
->quagmire

lancheira
->lunchbox

laudo
->survey, report

lebre
->hare

leiloado
->auctioned

leme
->steering wheel, rudder

lenda
->legenda, legend

lenha
->firewood

lesado
->injured

levedura
->yeast

lixeiro
->garbage collector, dustman

lobista
->lobbying

logomarca
->company symbol

lojista
->shopkeeper

lombada
->range of hills, mountain range,

lona
->a canvas, tarp

longínquo
->disant (longe, distante)

lotear
->to allot

louvar
->to praise, to extol

luar
->moonlight

machuca
->a bruise, a hurt

maestrina
->conductor

magoado
->hurt  (que sente mágoa)

maisena
->cornstarch

majestoso
->majestic

maldizer
->to curse

malvadeza
->malice

mancar
->to limp

mangueira
->mango tree

manso
->calmo, dócil, gentil

maremoto
->seaquake

marfim
->ivory

maroto
->roguish, naughty

marreta
->sledgehammer

marrom
->brown

maugosto
->bad taste

mear
->to cut in half

medalha
->medal

medir
->to measure

medonho
->que causa medo, muito feio

meigo
->dócil, amável, gentil, doce

meiguice
->tenderness, kindness

mensurar
->to measure

mesmice
->uniformidade, que não cambia

mexendo
->stirring, moving

milésimo
->the thousandth

minuciar
->Relatar com minúcia; descrever com todos os pormenores. = DETALHAR, MINUDENCIAR, PORMENORIZAR

mocho
->owl

moita
->thicket

molde
->a mould

moleza
->softness, weakness, laziness

montanhismo
->mountaineering

morna
->lukewarm

mosteiro
->monastery

móveis
->furniture

navalha
->a razor

nevasca
->blizzard

nhoque
->gnocci

nocividade
->noxiousness

nocivo
->detrimental (danoso)

nojo
->nausea

novato
->a noob, a beginner

nuca
->nape of neck

níquel
->nickel

objurgar
->to object

ofegante
->exausto, fatigado

ogro
->ogre

oleaginoso
->oily, sweaty

orla
->Extremidade de uma superfície. = BORDA, CONTORNO, MARGEM

oscular
->dar ósculos. = BEIJAR

ourives
->a goldsmith

outorgar
->to bestow, to grant

padecer
->to suffer

palestrante
->a speaker, orador

palpite
->palpitação (opinião, suspeita)

panfleto
->a pamphlet

pantanal
->swamp

papada
->double chin

paparicar
->to nibble

paramentado
->(literario, vestido)

parca
->parka

parceria
->partnership

pasmo
->amazed

patamar
->landing (desembarque, aterragem)

pegajoso
->sticky, gummy

pelejar
->to fight

pelve
->pelvis

penúria
->escassez, shortage

peraltice
->mischevious

percalço
->a mishap

percevejo
->a bug

percorrer
->to go through, to wander

percurso
->a route

periférico
->peripheral

pernil
->ham (presunto)

pernoite
->overnight stay

pertences
->belongings

peçonhenta
->venomous

pigarrear
->to clear one's throat, to cough

pileque
->drunkenness

pingente
->a pendant

pingo
->a drop

pinguim
->penguin

pirraça
->tantrum

pisar na bola
->to screw up (pisar = to step on)

piscoso
->fishy, of fish

pivetada
->chit-chat

planejar
->to plan

podada
->pruned

poliomielite
->polio

poluente
->pollutant

pontuação
->the score

postiço
->hairpiece

pousada
->inn, lodging

povoar
->to inhabit, to colonize

praiano
->of the beach

prateleira
->a shelf

prole
->offspring

promissor
->promising

propenso
->to be prone

protocolar
->protocol

prover
->to provide

punha
->subjuntivo de por

punhal
->a dagger

punição
->punishment

purpurina
->glittter

pândega
->revelry

póstumo
->posthumous

quantia
->a sum, a quantity

quesito
->a query, a question

quicar
->to bounce

quiropata
->chiropractor

quociente
->quotient

rainha
->queen

ramal
->a branch

ramalhete
->a bouquet

ramo
->a branch

rampa
->a ramp, a slope

rangido
->squeaking, creaking

ranho
->mucus

raposa
->a fox

rarefeito
->rarefied

rastrear
->to monitor, to hunt, to track

rateio
->distribution

razoavel
->adequate

reagir
->to react

reavaliado
->re-evaluated

reboleiro
->Chocalho grande

rebu
->confusion, desordem

recalque
->repression

reclamação
->claim, complaint

redigir
->to write, to compose

reerguido
->rebuilt

refletido
->reflected

reféns
->hostages

regredir
->to recede

reitoria
->rectory

reler
->re-read

rematar
->finish off

remessa
->shipment

remisso
->remiss, lazy, negligent

rendimiento
->revenue, return, profit

renhido
->hard-fought, cruel, bloody

rentabilidade
->profitability

repreendida
->scolded

repuxar
->pull

rescisão
->termination of employment

rescisória
->severence

resfriado
->cold, chilled

resgate
->rescue

resguardar
->protect

ressaltar
->to highlight

ressequida
->parched, thirsty

retesar
->to tense, to straign

retido
->withheld

retidão
->righteousness

retorquir
->retort

reviravolta
->overturn, reverse

rijo
->rigid, stiff

rimbombar
->to rumble, to roar

risada
->laughter

rispidez
->harshness

rixa
->brawl

roda
->wheel

rodear
->to surround

rodopiar
->twirl, whirling

rodovia
->highway

rolo
->roll,

rompante
->fury, rage

roxa
->plum color

ruborizado
->flushed with red cheeks

rubro
->poetic red

rugido
->roar,

rumo
->curso, caminho

rédeas
->reins

sabota
->sabotage

saciar
->satiate

safra
->harvest

sagaz
->shrewd, sagacious

sarampo
->measles

sarro
->laugh

seboso
->filthy

seio
->breast

senão
->(se+não) = if no

sequela
->sequel

sereia
->mermaid

seta
->arrow
->(Brasil) Cada um dos pequenos faróis de cor avermelhada ou alaranjada que, à frente e atrás dos veículos, serve para indicar mudança de direcção com uma luz intermitente.

sicrano
->so-and-so, fulano

silvícola
->savage, woodsman

singelo
->simple, unassuming

sintaxe
->syntax

sobrancelha
->eyebrow

solavanco
->jolt, nump

sovaco
->armpit

sovino
->stingy, miserly

submundo
->underworld

sucatear
->(Brazil) to negotiate or renegotiate treating the trade item as scraps or trash
->(Brazil) to remove value of something. Refers mainly to institutions, widely used in the context of public organizations, Ejempo: ""O ministro é a favor de sucatear a universidade""

sucumbir
->to succumb

sueco
->Swedish

sugado
->chupar, sorver

sulcar
->to furrow, to score using a blade

superfluo
->superfluous

superlotado
->overcrowded

surdino
->(mute, esp:surdo)

sutiã
->bra

sádico
->sadist

tachar
->censure, criticize, stigmatize

tagarelar
->chatter, gossip

tapar
->close (pôr cobertura ou tampa sobre)

tapume
->hedge,

tecelão
->weaver, twiner

tecido
->tissue, fabric

teimosia
->stubbornness

teimoso
->stubborn (obstinado)

terceirizar
->(work: contract out) (trabalho)

teso
->tense, taut

teto
->roof, ceiling (esp: techo)

tetraravo
->great-great-grandfather

texugo
->badger

tigela
->bowl, dish

tijolo
->brick

tinhoso
->itchy

titãs
->titans

toldo
->tent

tolo
->fool

torcedor
->(Brazil) fan, supporter

torrando
->to roast; to toast

tragar
->swallow, (engolir sem mastigar)

trapaça
->treating

travemento
->(printing: paper jam)
->(computing: system failure)

trepidar
->to trepidate

trigo
->wheat

trilhar
->Esmagar, moer, triturar.
->Bater, pisar.
->Dividir em pequenas parcelas.

trincado
->split, cracked

trincar
->to split (rachar, partir)

trincheira
->trench

trocar
-> Fazer troca de.
-> Inverter a ordem ou o sentido de
-> Substituir; permutar.
-> Alternar.

tromba
->nariz do elefante, trunk

trombadinha
->pickpocket

trombar
->to bump into (chocar-se contra)

troncho
->trunk

trono
->throne

trotar
->to trot

tumba
->tomb

tumular
->headstone

turvo
->dark, muddy, blurred

urrar
->to roar, to shout

usufruir
->to enjoy

vadiar
->to wander, to loaf

valente
->Que tem valentia.
->Que tem valor.

valete
->from cards, the Jack

valha
->value, worth

vangloriar
->vanglorize, boast

varal
->clothes-line

varejista
->retail dealer

varejo
->retail

vareta
->rod, small stick

varinha
->wand, small stick

veadieros
->[Brasil]  Cão adestrado na caça dos veados.
->[Brasil]  Caçador de veados.

venerar
->to venerate

verniz
->varnish

viciado
->addict, dope fiend

vigarista
->swindler

vigésimo
->twentieth

vingança
->revenge (represália, revindita)

vinheta
->vignette

visar
->to aim (at)
->to target (at)

vislumbrar
->glimpse

vistoria
->survey, inspeção

viés
->bias

voragem
->vortex

xereta
->gossip, nosy

xerife
->sheriff

zelo
->zeal

zeloso
->zealous

zombaria
->mockery

",portuguese
564eb2c7-fef0-42fd-83e7-8f992cecc7c4,Portuguese,General Notes,words-to-define,"1. abafadiço
(of weather or a location) likely to become, or which often becomes muggy, sultry (hot and humid)
2. abafado
(of weather or a location) muggy, sultry (hot and humid)
(of sound) muffled (almost mute; deadened) 
(Brazil, slang) stolen (that has been stolen)
3. abastecer
(“to supply, to suffice”)
4. abatido
abject, discouraged
5. abatimento
(discount, rebate)
(cutting down)
6. abluir
to wash
7. abordagem
approach (a manner in which a problem is solved or policy is made)
8. abrangente
Broadly inclusive; comprehensive.
9. absorver
to absorb
10. abóbada
vaulted (arched ceiling)
11. acabamento
finishing (act of finishing something)
12. acareado
brazen
13. acarretar
to cart (transport in a cart or similar)
to carry
to cause, bring about
14. acatar
to abide
15. acertado
done right (feito com acerto)
16. acertar
(corrigir)
(fazer corretamente)
17. acionado
->Gesto, sinal gesticulado.
->Conjunto de gestos ou modo de gesticular do orador.
->[Jurídico, Jurisprudência]  Demandado.
18. acirrada
incited, irritado
19. acolher
->Dar ou receber refúgio, abrigo ou protecção (ex.: a instituição acolhe dezenas de sem-abrigo; acolheu-se debaixo do telheiro por causa da chuva). = ABRIGAR, PROTEGER, RECOLHER, REFUGIAR 
->Dar ou receber hospedagem. = ALOJAR, HOSPEDAR verbo transitivo 
->Receber junto de si (ex.: o professor acolhe os alunos com simpatia).
20. aconchegante
cozy
21. aconchegar
to cuddle
27. adequar
(ajustar, adaptar, acomodar)
28. adesão
(aderência, junção)
(filiação a um partido, etc.)
29. adiar
(deixar para depois, protelar)
30. adoecer
(to ache, tornar doente, caer doente)
31. advogar
(to advocate)
32. afastado
far; faraway 
33. afastar
(transitive) to repel, to move apart
(reflexive) to retreat, to go back 
34. afegão
relating to Afghanistan
35. afeta
to affect
36. afetiva
relating to, resulting from, or influenced by the emotions
37. afeto
affection, fondness
38. afetuoso
affectionate (having affection)
39. afogar
to drown
40. afugentar
to drive away (Obrigar a fugir, a retirar-se.)
41. agarramento
Acto de agarrar. = AGARRAÇÃO
[Brasil]  Qualidade de quem é agarrado com dinheiro. = AVAREZA, SOVINICE
[Brasil, Informal]  Ligação estreita, união constante entre duas ou mais pessoas.
[Brasil, Informal]  Namoro com troca de carícias voluptuosas. = AGARRAÇÃO, AMASSO
42. agendamento
scheduling
43. agravante
aggravating
44. agrupar
to group, to classify
45. aguentar
to endure
46. ajuizar
to judge
47. alabastro
alabaster
49. alcachofra
artichoke
50. alegar
Citar, fazer referência a.
52. algemas
handcuffs
53. alheio
foreign, alien
54. alicerçado
(que tem alicerces, [foundation], bem firmado, [well-based])
55. alinhado
Que está em linha recta  
56. alisado
sauvizado
58. almejar
desejar, implorar, almejar, suplicar, precisar, suspirar por
60. almirante
admiral
61. almíscar
musk
62. alpendre
front porch, terrace, overhang
64. alvoroço
uproar, bustle
65. amadorismo
amateurism
66. amalucado
maluco, crazy
67. ameaça
(threat, esp: amenaza)
68. amedrontar
assustar, intimidar
69. amoníaco
ammonia 
70. amordaçar
gag, muzzle
71. amostrar
->mostrar uma pequena parte mesmo que mostrar é exposição
72. amperagem
Intensidade de uma corrente eléctrica medida em amperes.
73. anais
annals
74. ancho
broad, wide 
conceited (orgulhoso, vaidoso)
75. anfitriã
A dona da casa (hostess)
77. ansiar
to yearn
78. antenuado
attenuated, (reduzido)
79. anão, anã
dwarf
80. aparelho
device, gadgets, instrument
82. apego
(afeição, amor)
83. apelidar
dar alcunha, nickname
84. apinhado
cheio de gente
85. aposentar
(parar de trabalhar)
86. aposento
(casa: quarto, cômodo)
87. apostar
(Não duvidar, estar certo. fazer aposta) to wager, to bet
88. aprontar
preparar-se
89. apressar
to rush, to hurry
90. aprimorado
enhanced, refined
91. aprimoramente
(better, origem: primor -> excêlencia)
92. apólice
policy
93. aquecedor
heater
94. aquarela
watercolor
95. arame
(nome, wire)
96. arcar
(responsabilidade: assumir) 
(arquear) to arch or to bend
97. areoso
sandy
98. argola
(ring, link)
100. armadilha
trap
102. arranhador
scratching post
103. arrasado
devastated, rocked
104. arrebatadora
ravishing
105. arrebatar
snatch, grab (arrancar, retirar)
enrapture (conquistar)
106. arrebitar
turn up, raise, lift 
107. arrependo
regret
108. arriscar
to risk
109. artilharia
artillery
110. assado
roasted
(figuratively) overdone 
113. atiçar
to stir, poke
114. atochado
to wedge (to force into a narrow gap)
115. atrapalhar
to disturb
116. atrelado
attached
117. artrite
arthritis
118. atrito
friction
119. atuação
(resultado de atuar), performance
120. auferir
(conseguir, obter)
122. avassalar
overwhelm
123. averbar
register
124. avermelhado
reddish
125. aversão
aversion
126. avulso
separate, detached, independente, separado, isolado, desligado, não unido
127. avós
grandparents
128. azzurro
azure
129. babá
babysitter
130. baforada
puff, whiff, exhalation
131. balela
rumor
134. barbante
string, corda, fio
135. barbatana
fin, flipper
137. barulho
sound, hubbub (ruido, som, gritaria)
139. basear-se
to be based on
140. beldade
beauty
141. beliscar
pinch, nibble (dar apertão com dedos)
142. beltrano
so-and-so
143. beterraba
beet, beetroot
148. birrento
grumpy, stubborn, obstinate
149. biruta
(saco cônico: indica direção dos ventos)
(maluco, insensato, louco)
150. biscoito
(cookie, cracker)
151. bisnetos
great grandson
152. bobagem
coisa sem importância
[Brasil]  Presente modesto a alguém que faz anos 
153. bocejar
to yawn
154. bochecha
cheek
155. bolota
acorn
156. bombona
bonbon
157. bomboneira
candy box
158. bondinho
(ski box, teleférico)
159. bordel
brothel (prostíbulo)
160. borrifador
spray, sprinkler
161. bracejar
Agitar os braços
162. branquejar
To whiten, bleach
163. brinde
toast (salutation for alcohol)
164. brinquedo
    toy, plaything
165. britar
to break into pieces (destroçar, acabar com, fragmentar)
166. brochura
brochure
167. bronca
scolding
169. bufante
puffy
171. buquê
bouquet
172. burlado
cheated
173. buzinar
to honk
174. bênçãos
blessings
176. cabeludo
hairy
178. cabiveis
applicable
179. caboclo
person of mixed indigenous and white parentage
180. cacoete
tic, grimace
181. cafofo
home, house
182. caleche
carriage
183. calejado
calloused
184. calçado
shoe
185. calúnia
slander, calumny
186. cambada
bunch of people, tribe
188. camurça
suede
189. canalizar
to plumb, to channel
194. capinar
to mow, to weed
195. carambola
starfruit
196. caramujo
snail
198. carente
Que carece; necessitado
200. carnoso
fleshy
202. carreata
motorcade
203. carroceria
bodywork
204. carvalho
oak
205. cascata
waterfall
206. castelos
castles
207. castiçal
candlestick
208. catalogada
catalogued
209. cativante
captivating
210. cativeiro
captivity
211. caçamba
bucket
213. celidez
celerity
214. centelha
spark, twinkle
215. cenário
scenery
216. cerume
earwax
217. chafariz
fountain
218. chaga
ferida, ferimento
219. chamativa
flashy, 
220. chapinha
alisador de cabelo
222. chefia
(cargo do chefe)
223. chibata
a whip
226. chumbo
lead
227. chupeta
pacifier
228. ciente
consciente, informado
229. cilada
a trap
232. coaxar
to croak
233. cochilar
(dormir: rápido e leve)
234. coeso
coerente, lógico
235. colchão
mattress
236. coletar
to collect ((juntar, apanhar))
237. colhido
picked, chosen, escolhido
239. compleição
complexion
240. comprovar
to prove, to testify
242. constragedor
awkward, embarassing
243. contorno
outline, contour
244. conturbada
lugar difícil
245. convidativo
inviting, atraente
246. copista
copyist
247. coqueluche
whooping cough
248. corante
coloring, dye
249. corar
to blush, to flush
250. cordilheira
mountain range
251. corretora
broker (Entidade intermediária em compras e vendas no mercado financeiro, especialmente em transacções na bolsa)
258. couro
leather
259. credor
a creditor
260. cretinice
stupidity
261. crise
a crisis
263. cume
a ridge, a summit
264. cumprido
fulfilled
266. cutucar
to poke (dar sinal: tocar corpo)
267. cárie
a cavity
268. câimbra
a cramp, a knot
272. debandada
a stampede
273. debelar
->Vencer em luta
275. decaído
fallen, decayed
276. decote
neckline, corte ou abertura no alto de uma peça de vestuário de modo a deixar o colo a descoberto
277. defesa
defense
278. delatar
to denounce, acusar como autor de crime
280. demitir
to dismiss
281. depilação
waxing, hair removal
282. depoimento
testimonial
283. depurar
to purify, to debug
284. derreter
to melt, to thaw
285. desajustado
maladjusted
286. desalentada
desanimado, disheartened
287. desalmado
soulless
288. desapego
indiferença
289. desassombrar
ACLARAR, CLAREAR, ILUMINAR
291. desbravar
explorar
292. descolagem
(aircraft: departure, launch) (BRA)
293. descomunal
uncommon, rare
294. descrença
incredulity, disbelief 
295. desembaçador
defroster, defogger
296. desembolsar
disburse, to pay out
297. desencapar
Retirar a capa ou a cobertura, uncap
298.  desencontrar
Não estar conforme com; discordar
299. desfalque
embezzlement
301. desgaste
wear-and-tear, abrasion, erosion
302. deslumbrante
gorgeous (esplêndido, grandioso, suntuoso)
303. desnortear
bewilder, (confundir, desnortear, labutar)
304. desodorante
deodorant
305. despejo
eviction
306. desperdiçar
to waste, to squader
307. despesa
gasto, expense
308. despojado
(person: lonely, heartbroken)  (tidy, clear of litter)
309. desprendido
detached, indiferente
310. destaque
a highlight, assunto relevante
311. destinar
to allocate (dar destino, designar)
312. destruir
to destroy
313. desunir
to divide, disassemble
314. desvencilhar
to disentangle
315. detido
detained
317. dezenas
dozens
318. diluir
to dilute
322. docência
teaching, docency
323. dodô
extinct bird
324. doer
to hurt, to be hurt
325. dolo
deceit, fraude
326. doloso
deceitful
327. dom
(talento, aptidão)
328. domar
domesticar
330. dribla
to dribble
331. drogaria
pharmacy
332. dublê
lookalike, double
333. dádiva
graça, donativo, dom
335. eivar
to evade
336. eleger
to elect, to choose
337. elegível
eligible
339. elitizado
Tornar elitista ou próprio de uma elite.
341. embalada
wrapped (product: in a packet)
342. embalagens
multi-pack
343. embalar
embrulhar, envolver com algo
344. embora
(apesar, ainda que) although
345. empacotador
packer
346. empolga
get excited (impressionar-se)
347. empreendimento
an enterprise (ato de assumir tarefa)
348. empreitada
contract work (trabalho combinado antes)
349. emprestar
to lend money
351. encaixar
to fit in
352. encanamento
plumbing
353. encarada
a stare
354. encarar
to face, to look at
355. endeusar
to deify
356. enfeite
decoration
358. enfraquecer
to weaken
359. engajado
engaged
360. engarrafamento
traffic jam
361. engatinhar
to crawl
362. engolir
to swallow
363. engrandecido
magnified
364. enjoado
seasick
365. enlameado
muddy
367. enquadram
frame
368. enquadrar
to frame
369. enrabichado
infatuated
370. enrijecer
to make rigid
372. entrelaçar
to interlace
373. entumecer
to bloat
375. enxergar
to see
378. esbanjamento
(wasteful extravagance)
379. esbocar
to outline (delinear, bosquejar, tracejar)
381. escadaria
a flight of stairs
382. escarlatina
scarlet fever
383. escarnio
derision, mockery
385. escarpado
sloped
386. escada
staircase
387. escorar
to prop up, (apoiar, encostar)
388. escorregador
slide
389. escova
hairbrush (objeto para escovar cabelo)
390. escravocrata
slave-holder
391. escurecer
to darken
392. esgotado
drained, wasted
393. esgotamento
exaustão, fadiga
394. esgoto
drain, sewage
395. esgrima
fencing
396. esmorecer
to dismay, to lose courage
398. espalhar
to make public
399. espancar
to spank
400. espargir
to sprinkle
401. esperto
clever, intelligent
403. espreitar
to lurk, to stalk
404. estacas
 (fence made of wooden stakes or posts)
405. estagiário
trainee, intern
406. estarrecedora
terrifying
407. estiagem
a drought
408. esticar
to stretch
409. estilhaçar
to splinter, to shatter
410. estocar
to stock up on
411. estofar
to upholster
413. estoque
a stock
414. estornar
reembolsar (to return)
416. estragar
to screw up, to blunder
418. estreito
narrow
420. estrondar
to roar, thunder, make a great noise 
421. esvaecer
to dissolve, to vanish
422. esvair
dissipate, evaporate
423. etária
relating to age
424. enxergar
Divisar; perceber; entrever
425. eximir
exempt, exonerate, clear 
427. extravio
miscarriage, misleading, loss
429. fagote
bassoon
430. falir
to go bankrupt
431. falência
bankruptcy
432. faminto
hungry (voraz)
433. farolete
rear light on car
434. faróis
headlights
435. fatia
a slice
436. façanha
a feat (realização de ato heróico)
437. faísca
a spark
438. feirante
marketer
439. feltro
felt
440. fenda
a crack
441. feriados
holiday
443. ferrenho
intense, passionate
444. fiambre
cold ham
445. fibraoptica
fiberoptic
446. ficha
a token, slip
447. fidelização
customer retention
449. fileira
row (ala de assentos)
452. fiel
faithful
453. fliperama
arcade with games
454. fogosa
fiery, burning
455. fogueira
bonfire, firepit
456. folião
partygoer
457. forja
forge, foundery
458. fornecedor
supplier
459. forró
Brazilian folk music
460. fosco
matte (opaco, sem brilho)
461. fralda
diaper
462. franquia
franchise
463. freguês
client, shopper
465. frota
fleet (conjunto de veículos)
466. frouxo
loose, weak, flácido, mole
467. fulano
so-and-so
468. fuleira
worthless, corny, tacky
469. furada
(skin: pockmarked) (pele)
470. furto
roubo, robbery, theft
471. fuçar
to root, to dig
472. fécula
starch
473. galgar
saltar, pular
figurado (superar)
474. galopar
to gallop
475. gandaia
vagrancy, idleness
477. gasoso
gaseous
478. geada
frost
483. gerir
to manage
484. gestor
(administrador, gerente)
485. gincana
scavenger hunt
486. girino
tadpole
487. glacẽ
glaze
489. gotejar
to drip, to tricle
490. gracejos
jokes, banter
491. graxo
greasy, gorduroso
492. guidom
handlebars
493. guincho
shriek, cry (som alto e agudo)
494. gulodice
delicacy, titbit
496. herdar
to inherit
497. herdeira
inheritance
498. homenzarrão
tall, stout man
499. homologação
formal approval
500. horta
vegetable garden
502. idôneo
competente, qualificado, autorizado, 
503. iguaria
delicacy
504. imponência
grandiosidade, pompa, majestade
505. imprevisível
unpredictable
506. inadiável
unavoidable
507. inapelavelmente
hopelessly
508. inchado
swollen, inflated
509. incolume
scot-free, unharmed
510. indagar
to inquire
511. indenizar
reimburse
512. indenização
idemnfication
513. inibido
inhibited
514. insolito
(accident: improbable)
515. insone
insomniac
517. insumo
input
518. insurreccional
insurrectionary
520. intriga
intrigue
522. inusitado
unusual
524. isento
free, exempt
526. jazer
to lie down, to rest
528. joelhos
knees
529. julgado
judged
530. julgar
to judge
531. justificativa
justification
532. jônico
ionic
533. lacrada
sealed
534. lacrimoso
tearful
536. lagartixa
lizard
537. laje
slab
538. lamaçal
quagmire
539. lancheira
lunchbox
541. laudo
survey, report
543. lebre
hare
544. leiloado
auctioned
546. leme
steering wheel, rudder
547. lenda
legenda, legend
548. lenha
firewood
549. lesado
injured
550. levedura
yeast
551. lixeiro
garbage collector, dustman
553. lobista
lobbying
554. logomarca
company symbol
555. lojista
shopkeeper
556. lombada
range of hills, mountain range,
557. lona
a canvas, tarp
558. longínquo
disant (longe, distante)
559. lotear
to allot
560. louvar
to praise, to extol
561. luar
moonlight
562. machuca
a bruise, a hurt
563. maldizer
to curse
564. maestrina
conductor
565. magoado
hurt  (que sente mágoa)
566. maisena
cornstarch
567. majestoso
majestic
568. malvadeza
malice
569. mambembe
570. mancar
to limp
571. mangueira
mango tree
572. manso
calmo, dócil, gentil
574. maremoto
seaquake
575. marfim
ivory
577. maroto
roguish, naughty
579. marreta
sledgehammer
580. marrom
brown
585. maugosto
bad taste
588. mear 
to cut in half
589. medalha
medal
590. medir
to measure
591. medonho
que causa medo, muito feio
592. meigo
dócil, amável, gentil, doce
593. meiguice
tenderness, kindness
595. mensurar
to measure
596. mesmice
uniformidade, que não cambia
598. mexendo
stirring, moving
599. milésimo
the thousandth
600. minuciar
Relatar com minúcia; descrever com todos os pormenores. = DETALHAR, MINUDENCIAR, PORMENORIZAR
604. mocho
owl
606. moita
thicket
607. molde
a mould
608. moleza
softness, weakness, laziness
609. montanhismo
mountaineering
612. morna
lukewarm
615. mosteiro
monastery
618. móveis
furniture
620. navalha
a razor
622. pernoite
overnight stay
623. nevasca
blizzard
624. nhoque
gnocci
625. nocivo
detrimental (danoso)
626. nocividade
noxiousness
627. nojo
nausea
630. novato
a noob, a beginner
631. nuca
nape of neck
632. níquel
nickel
633. objurgar
to object
635. pelve
pelvis
636. ofegante
exausto, fatigado
638. ogro
ogre   
639. oleaginoso
oily, sweaty
640. orla
Extremidade de uma superfície. = BORDA, CONTORNO, MARGEM
641. oscular
dar ósculos. = BEIJAR
642. ourives
a goldsmith
643. outorgar
to bestow, to grant
645. palestrante
a speaker, orador
647. palpite
palpitação (opinião, suspeita)
649. panfleto
a pamphlet
651. pantanal
swamp
653. papada
double chin
654. paparicar
to nibble
655. paramentado
(literario, vestido)
656. parca
parka
657. parceria
partnership
659. pasmo
amazed
660. patamar
landing (desembarque, aterragem)
661. pegajoso
sticky, gummy
662. pelejar
to fight
664. penúria
escassez, shortage
665. peraltice
mischevious
666. percalço
a mishap
667. percevejo
a bug
668. percorrer
to go through, to wander
669. percurso
a route
670. periférico
peripheral
671. pernil
ham (presunto)
672. pertences
belongings
674. peçonhenta
venomous
675. pigarrear
to clear one's throat, to cough
676. pileque
drunkenness
677. pingente
a pendant
678. pingo
a drop
679. pinguim
penguin
682. pirraça
tantrum
683. pisar na bola
to screw up (pisar = to step on)
684. piscoso
fishy, of fish
685. pivetada
chit-chat
686. planejar
to plan
690. podada
pruned 	
691. poliomielite
polio
692. poluente
pollutant
693. pontuação
the score
694. postiço
hairpiece
696. pousada
inn, lodging
697. povoar
to inhabit, to colonize
698. praiano
of the beach
699. prateleira
a shelf
700. prole
offspring
701. promissor
promising
703. propenso
to be prone
704. protocolar
protocol
705. prover
to provide
706. punhal
a dagger
707. punição
punishment
708. punha
subjuntivo de por
709. purpurina
glittter
710. pândega
revelry
711. póstumo
posthumous
713. quantia
a sum, a quantity
715. quesito
a query, a question
718. quicar
to bounce
719. quiropata
chiropractor
720. quociente
quotient
722. rainha
queen
723. ramal
a branch
724. ramalhete
a bouquet
725. ramo
a branch
726. rampa
a ramp, a slope
727. rangido
squeaking, creaking
728. ranho
mucus
729. raposa
a fox
730. rarefeito
rarefied
732. rastrear
to monitor, to hunt, to track
733. rateio
distribution
734. razoavel
adequate
735. reagir
to react
736. reavaliado
re-evaluated
737. reboleiro
Chocalho grande
738. rebu
confusion, desordem 
739. recalque
repression
740. reclamação
claim, complaint
741. redigir
to write, to compose
742. reerguido
rebuilt
743. refletido
reflected
744. reféns
hostages 
745. regredir
to recede
746. reitoria
rectory
748. reler
re-read
749. rematar
finish off
750. remessa
shipment
751. remisso
remiss, lazy, negligent
752. rendimiento
revenue, return, profit 
753. renhido
hard-fought, cruel, bloody 
754. rentabilidade
profitability
755. repreendida
scolded
756. repuxar
pull
757. rescisória
severence
758. rescisão
termination of employment
759. resfriado
cold, chilled
760. resgate
rescue
1001. acudir
to help, to assist
1000. padecer
to suffer
761. resguardar
protect
763. ressaltar
to highlight
764. ressequida
parched, thirsty
766. retesar
to tense, to straign
767. retido
withheld
768. retidão
righteousness
769. retorquir
retort
770. reviravolta
overturn, reverse
771. rijo
rigid, stiff
772. rimbombar
to rumble, to roar
774. risada
laughter
775. rispidez
harshness
776. rixa
brawl
777. roda
wheel
778. rodear
to surround
779. rodopiar
twirl, whirling
781. rodovia
highway
783. rolo
roll, 
784. rompante
fury, rage
785. roxa
plum color
786. ruborizado
flushed with red cheeks
787. rubro
poetic red
789. rugido
roar, 
790. rumo
curso, caminho
791. rédeas
reins
792. sabota
sabotage
793. saciar
satiate
794. safra
harvest
795. sagaz
shrewd, sagacious
797. sarampo
measles
799. sarro
laugh
800. seboso
filthy
802. seio
breast
804. senão
(se+não) = if no
805. sequela
sequel
807. sereia
mermaid
809. seta
arrow
(Brasil) Cada um dos pequenos faróis de cor avermelhada ou alaranjada que, à frente e atrás dos veículos, serve para indicar mudança de direcção com uma luz intermitente.
810. sicrano
so-and-so, fulano
811. silvícola
savage, woodsman
812. singelo
simple, unassuming
813. sintaxe
syntax
815. sobrancelha
eyebrow
817. solavanco
jolt, nump
818. sovaco
armpit
819. sovino
stingy, miserly
820. submundo
underworld
821. sucatear
(Brazil) to negotiate or renegotiate treating the trade item as scraps or trash
(Brazil) to remove value of something. Refers mainly to institutions, widely used in the context of public organizations, Ejempo: ""O ministro é a favor de sucatear a universidade""
822. sucumbir
to succumb
824. sueco
Swedish
825. sugado
chupar, sorver
826. sulcar
to furrow, to score using a blade
827. superfluo
superfluous
828. superlotado
overcrowded
829. surdino
(mute, esp:surdo)
830. sutiã
bra
831. sádico
sadist
834. tachar
censure, criticize, stigmatize
835. tagarelar
chatter, gossip
836. tapume
hedge, 
838. tapar
close (pôr cobertura ou tampa sobre)
839. tetraravo
great-great-grandfather
840. tecelão
weaver, twiner
841. tecido
tissue, fabric
842. teimosia
stubbornness
843. teimoso
stubborn (obstinado)
844. terceirizar
(work: contract out) (trabalho)
845. teso
tense, taut
846. teto
roof, ceiling (esp: techo)
847. texugo
badger
848. tigela
bowl, dish
849. tijolo
brick
850. tinhoso
itchy
851. titãs
titans
855. toldo 
tent
856. tolo
fool
857. torcedor
(Brazil) fan, supporter
858. torrando
to roast; to toast 
860. tragar
swallow, (engolir sem mastigar)
861. trapaça
treating
862. travemento
(printing: paper jam)
(computing: system failure) 
863. trepidar
to trepidate
864. trigo
wheat
865. trilhar
->Esmagar, moer, triturar.
->Bater, pisar.
->Dividir em pequenas parcelas.
866. trincado
split, cracked
867. trincar
to split (rachar, partir)
868. trincheira
trench
870. trocar
-> Fazer troca de.
-> Inverter a ordem ou o sentido de
-> Substituir; permutar.
-> Alternar.
871. tromba
nariz do elefante, trunk
872. trombadinha
pickpocket
873. trombar
to bump into (chocar-se contra)
874. troncho
trunk
875. trono
throne
877. trotar
to trot
879. tumba
tomb
880. tumular
headstone
881. turvo
dark, muddy, blurred
884. urrar
to roar, to shout
885. usufruir
to enjoy
886. vadiar
to wander, to loaf
887. valente
->Que tem valentia.
->Que tem valor.
888. valete
from cards, the Jack
889. valha
value, worth
890. vangloriar
vanglorize, boast
891. varal
clothes-line
892. varejista
retail dealer
893. varejo
retail
894. vareta
rod, small stick
895. varinha
wand, small stick
896. veadieros
->[Brasil]  Cão adestrado na caça dos veados.
->[Brasil]  Caçador de veados.
897. venerar
to venerate
898. verniz
varnish
899. viciado
addict, dope fiend
900. vigarista
swindler
901. vigésimo
twentieth
902. vingança
revenge (represália, revindita)
903. vinheta
vignette
905. visar
to aim (at)
to target (at)
906. vislumbrar
glimpse
907. vistoria
survey, inspeção
909. viés
bias
910. voragem
vortex
912. xereta
gossip, nosy
913. xerife
sheriff
916. zelo
zeal
917. zeloso
zealous
918. zombaria
mockery
919. éter
ether
",portuguese
3a89c80b-3cc6-4616-bd24-2349ed13ecc4,Portuguese,General Notes,new-words,"Ceguiera
Enxergar
contabular
trancar
aciono
empurrar
desencalhe
arriscada
rebuque
fugir
macaxeira
rulfar
arguta
encalhado
lagartixas
alagamento
pernoitar
iate
escuna
saveiro
chalena
caiques
clarear
atejangados
matutino
cascavilhar
afundar
fuxicos
bisbilhotices
jazir
espocar
firacalo
periciados
tessitura
dilacerada
metralhadora
fuzil
ecalhar
vistoria
reboque
fresta
bochechas
ossuda
oitiva
pauta
meiguice
empecilhos
agulha
realce
reagir
vigesimo
fiapo
rebocador
aço
esmagar
ferrugem
lodaçal
cais
paiois
emaranhar
casebre
surrupiados
motim
eixo
coxa
proa
cobiça
enxárcias
bocejar
cedinho
zaparmos
acceno
ladear
chaminé
margeia
guarnição
margeia
quépi
quintal
remanescente
algibeira
indagações
camafeu
inoaga
avulso
algibeira
porões
poetar
lentidão
cadeado
galgar
focalizar
facha
arranjo
lamafal
enferrugar
bordo
apito
apitar
encaracoleados
roseos
assanhar
fanigerade
poltronas
ostentar
pompoa
coisar
macaxeira
jerimum
maxixe
jenipapo
cajarana
buriti
vagueia
fagulhas
enchente
pelotão
prancha
rebotalho
fijolos
afastar-se
abordagem
holofose
rajada
atolados
""amizade colorida"" amigos com beneficios
chantagem
tombadilho
boné
tatear
arentar
barcaça
estreitei
rabiscado
macilento
resumngar
serventia
senão
noiva
enlamear
açudes
chefiar
tecitura
ergue
escovara
prancha
grudado
pamonha
flagre
recolher
empurrões
tristonho
furar
acenar
enroladinho
ajeitar
agasalha
alheiar-se
mármore
argila
arrouba
vilipendiado
andarilho
masmorra
timoniero
ídiche
tornozelo
redemoingar
gaivota
sedento
feiúra
espantar-se
interventor
marés
repuxar
carguiero
multidão
turba
acirravar
depredavar
charretes
inúmero
preguiçoso
decretar
couro
jacaré
malcurado
alardear
carequice
brabo
bengala
beiço
espremia
espreitar
bombordo
estendido
camarim
atemorizar
treva
vasculhar
beira
fervura
ponche
penteado
copeiro
beliscar
encher
bater
caneca
carpichar
corrimões
adernado
escorreguem
onofre
desgoelar
baleeira
arranjo
froinha
castiçais
içado
roendo
acasalando
lera
malfeitoria
bacharel
lampejo
patife
estuprador
donzela
meretriz
rufião
espoliava
dependurado
baixeza
frequinha
discorrer
espremido
prancha
encalhar
moradia
retardatário
espichar
residindo
missivista
engrenagens
bebericando
pedacinho
ãnfora
estagnar
apanhar
esternizar-se
espreguiçadeira
esfacelada
galgar
noivar
fluxograma
pomares
aléia
amurar
intercalar
encanamento
tubulação
protozoário
casulo
luneta
mazurca
nádega
antepara
iate
escuna
saveiro
traineira
veleiro
caíque
chalana
jangada
saveiro
traineira
veleiro
verga
remo
mingau
agrião
chafurdar
patola
caranguejo
flandre
dragagem
correnteza
boreste
lama
desadernar
alagamento
bico
poeira
esmagar
lagartixa
vigia
tecido
encher
recolher
faminto
tombadilho
embandeirado
apedrjado
lodaçal
pauta
tranco caturro
enlaguescer
pescoço
casulo
luneta
mazurca
nádegas
antepara
remar
destemido
espreguiçadeira
palco
tocaia
emendado
mocambo
dragaram
carneirinho
cabresto
jorrarem
algazar
timoneiro
orçar
afundar
gargalhar
barafunda
deitar
aprouver
rodopiar
indagar
perscrutando
rota
saveiro
jangar
derradeiro
mola
cajarana
narina
espremar
porejar
abafante
arame
laço
folga
perdurar
gagueja
facho
lobisomer
escancarada
avantajar
derruba
ossuda
cacete
esbaforido
zolho
caturro
feições
murcho
chochos
herdar
sorridente
dedilhar
comboio
desengonçado
remugando
metralhar
embevecido
acotovelar
lastro
rapazola
desgarrar
empertigar
avental
espiga
ruga
bilro
guizo
lantejoula
garboso
jumento
desmiolado
palha
taipa
remendar
charrete
sobrado
planalto
vassoura
bagaço
esburacado
esgenho
pingo
sulcada
desespero
caturro
alagada
manietar
focifera
cursavar
picão
faminto
acasalamento
arromber
canivete
pancar
trouxa de molambo
torques
deparar
arrochear
seminecrófilo
esvaindo
desfalcara
folego
tipoia
atadura
estupro
carena
vazar
ré
longarino
eixo
longarina
redemoinho
aquilatar
asneira
desgruder
grasnar
riacho
balaústre
escorregadio
gaiúta
escotilha
escoar
ampulheta
esgotar
amurada
ajoelhar
puele
agredia
pudica
gnomos
saculejar
enjoo
socorro
frigorífico
estertor
colchonete
espocar
metralhadora
espiga
estouro
estrebucha
perfurar
gola
esmigalhar
pranto
espardeque
caçula
fuzil
acastelado
agindo
nádega
arrecife
agachar
maresia
capuz
tijolo
vergar
cotovelo
rins
sedosa
coxa
lambuza
vilipendiada
soergue-se
vereda
íngreme
gemido
meliante
chacote
escroto
calabouço
sugar
jorro
boiar
gaguejar
erigirar
séquito
golfinho
frota
frigorífico
fiapo
arame
espanto
aço
bico de proa
orçar
boreste
reboque
arrastarão
bombordo
alavancar
fonoclama
patola
táboa
holofote
vasculhar
remo
redondeza
escotilha
castiçais
fímbria
regozijo
facada
gotejar
empurrar
cafetinagem
encostar
coqueirais
caixote
indagar
portutários
escorraçado
cajueiro
sofreguidão
iguaria
geme
várzea
relva
galho
badalar
sineta
osso
estalar
quebradiço
avizinhar
riacho
borboleta
cabeliera
paletó
gabardine
tijupá
prado
fastio
empecilho
mágoa
vedada
ponteiro
engarrafamento
mureta
capotar
esmogar
frear
mureta
alfandega
cabisbaixo
alfandegario
carcaça
traseiro
machete
pigarreia
palmilhar
tombar
vara
costa
emaranhar
tingir
arvoredo
redondeza
fugaz
divagações
rainha
furtar-se
embriagado
apregoar
incontido
apregoar
viúva
canto
sequer
coaxavar
tinhorões
rodopiar
planície
trecho
toldo
esuisita
feiticeira
embrulho
descera
pertinho
verde
apressadamente
arranjado
repousar
ninharia
bonde
sarjeta
transeuntes
encapota
traiçoeira
arquevar-se
turbilhão
vidraça
apsereza
ciúme
fremia
devagar
desengonçada
estafante 
dardejava
indagar
espalhafatosa
perenidade
penosamente
ladeira
avalancha
ressoar
mesquinha
apaziguar
rutilante
canja
gentileza
tisnava
estrondosa
desembargador
cingindo
enredo
vileza
descretado
aturdido
zuniar
despetalar
fugidir
invejar
canhestramente
tédio
suplício
demoradíssimo
poltrona
agreste
esvoaçava
rastejante
povoar
bica
raiar
circunvizinhança
chumbo
enfiou
embrulho
berrante
esverdeado
amurado
enjaular
ajantarado
brincalhão
anão
olhar
vaidade
impunha
boneca
sulcavar
balbúrdia
entreaberta
decote
trautear
galinheiro
balaustrada
macio
relva
cintila
matinal
devagarinho
despreocupdamante
pálpedra
datilógrafa
desabrochada
antenor
desentendimento
irrequieta
farpado
mocidade
semicerrado
pálpebra
narina
arfavar
crispações
impiedosa
turvavar
degrau
relvado
embrulhar
avermelhentar
salsugem
dejeto
matinal
fulgurar
ferrovia
escarpa
debruçavar
nítida
debruçar
vinco
reavivar
pitanguiera
moleque
bamba
entristecer
intrometiar
latiar
berço
enfilieravar
vaga-lumes
bamboleante
resmungavar
rugosa
dentição
defronte
tetéia
matagal
estertor
vereda
espadanar
lagartixa
boneca
solavancar
voavar
calouro
desabitar
abacate
estacar
balão
farfalhar
cantoria
ventania
trecho
vexame
batom
feérica
lenha
lancha
barcaças
gorgolejavar
vertiginoso
certidões
vilarejo
riacho
sonolento
resfolegante
charrete
cearar
presumivelmente
tapete
troncudo
apuro
espaventoso
fitar
relancear
abeirar-se
decerto
amolecia
palco
cafra
enfim
faustoso
chalé
provinha
barriguda
fecundidade
fustigava
sumiço
piquenique
célere
conspurcar
raquítica
maninha
sabonete
grisalho
abaular
atropelo
vertiginosa
cavalgado
freguesa
esmalte
disfarçademente
colírio
carregada
espalhafatoso
trajava
marechal
descorar
gémea
miúdo
perscrutador
manso
poeira
seiva
atarefado
frágeis
movietone
tráfego
soturno
matrapilha
salpicada
sarda
cabiar
exprime
desumano
esguelha
cambaleante
férreo
desenrolaria
desprezível
despachar
atropeladamente
alfaiate
longínquo
esquentar
boite
agudeza
bulhenta
pétrea
pérola
anoitecer
pregões
turco
judeu
treva
juncar
pungia
vidraça
emurcheciar
enodoavar
infecundo
regaço
gruta
contundida
fenda
manga-rosa
polpa
alvejada
engraxar
batina
intrigada
enguiçavar
selo
formoso
anca
afunilavar
transbordante
algazarrar
escorregadia
aparatosa
esbranquiçado
vagarosa
vulnere
alvoroço
abjeção
chamamento
gaiato
corneta
barbearia
inapelavelmnte
beira
sáuio
bandalheira
apregoar
rancoroso
gaiola
corcunda
embrulho
saltitar
madeixa
amarfanhado
freguese
magreza
assemelhar
tenaz
embriaguez
embalavar
pressuroso
sobrancelhas
gorjeta
duna
grampo
bulhenta
agulha
calafrio
voejar
destampar
calcinada
açucareiro
vileza
tecida
rangente
dilacerado
sonolentos
atarracada
poeirenta
cartaz
lampejo
pernambucano
espalhafatosa
molemente
assobiavar
provecto
coruja
ascrentavar
angorá
inalcançáveis
castiçais
bigodes
galante
espartilhado
rangir
meninice
quentura
atenazar
contradezir
enferrujar
vuco-vuco
enfiar
enfunar
saltitante
enfileirado
guinchante
piquenique
carminada
armazéns
imcumbido
cal
arame
farpado
lacustre
vilipendiada
coleante
cravar
caritó
cochichavar
sogro
devassar
desolavar
jazir
enrodilhada
bojudo
frasco
crivado
anacoluto
parnasiano
fofa
alagoano
agreste
vidraça
ninho",portuguese
5feb0c3d-3b1a-4227-a6ac-0c827f3e6e45,Portuguese,General Notes,brazilian-slang,"o que ta pegando, sacana?
-> what's happening fool?
Só alegria
->Can't complain
O que tá rolando?
->What's going down?
Tem uma cara que não te vejo
->Long time no see
Tem uma pá de tempo que não te vejo
It's been a while since I've seen you
Você sumiu!
->You've been MIA!
Meu sotaque carregado
->Excuse my shitty accent
My bad
->Foi mal
Foi mal por essa cagada
->Woopsy daisy
I screwed up
->Vacilei
I fucked up
->Dei mole
Por favorzinho
->Pretty please
DST (Doença Sexualmente Transmissível
->STD
Já vai tarde
->About fucking time!
Vou meter o pé
->I'm gonna split like a banana
Tô caindo fora
->I'm outta here
Tô vazando
->I'm bouncing
Tô indo
->I'm outtie
Apareça
->Stop by anytime
Apareça mais
->Stop by more often
Deus te leve
->God bless you
Fé em Deus
->Go with God
Que Deus te proteja
->May God watch over you
Yo homey
->Iaí amigão
Rapá
->""bro""
Fiel
->""dawg""
Boiola
->Faggot
Viado
->Faggot
Mana
->Sister
Date
->Paquera
Malandro
->scoundrel
Galinha
->""player""
Moleque
->A young boy
Mauricinho
->Socialite
Patricinha
->Socialite
Perua
->A flashy older woman
Piriguete
->A hoochie
Dedo-duro
->Tattle-tale
Fofoqueiro
->Gossip
Pilantra
->Thug
Vigarista
->Hustler
Pivete
->Rascal
Canhão
->Ugly woman
Xereta
->Snoop
Trouxa
->Idiot
Piranha
->Slut
Clingy person
->Carrapato
->Papel de bala
Loser
->Zero à esquerda
Piriguete
->Loser
Cara de pau
->Shamless
Stingy
->Pão duro
Careta
->Old-fashioned
Tô ligado
->Got it
É mesmo?
->For real?
Sei lá
->Beats me
Parmalat
->White person, (milk brand)
Turco
->Arab (Turk)
E eu com isso?
->I don't care
Jura?
->Seriously?
Que besteira
->That's bullshit
Puxa!
->Gosh!
Droga!
->Damn!
Faz parte
->It happens
Make do
->Se vira
Tanto faz
->Whatever
Não adianta
->It's no use
Não tô nem aí
->I don't give a shit
Dar mole
->To be a flirt
Azarar alguém
->To mac on someone
Farpado
->Pimp
Flertar
->to flirt
Docinho
->honey
Falar doce
->Talk sweet
Cafuné
->Caress someone's head gently
Cócegas
->Tickle
Vamos dar um rolé
->Let's take a walk
Tive um encontro com ele ontem à noite
->I went on a date with him last night
Vai rolar hoje à noite
->I'm going down tonight
You in?
->Você topa?
Topo
->I'm in
Tô fora
->I'm out
Quero!
->Yeah!
Tô dentro!
->Count me in!
Não, num tô a fim
->Nah, I don't feel like it
Então, aceita meu convite
->So, is that a yes?
I'll make an appearance
->Vou dar uma chegada
Chega aqui!
->Come over!
Vem cá!
->Get over here!
Depressa!
->Hurry up!
Move it!
->Não demora
Te deu um bolo
->She stood you up
Quer ficar comigo?
->You want to hook up?
Acho que ele tá na minha
->I think he has a crush on me
Para de me azarar!
->Stop trying to get with me3
Já era
->It's done
Bora
->Let's bounce
Você curtiu?
->Did you like it?
Curti à vera
->I had a blast
It was cool
->Foi maniero/bacana
Foi show de bola
->It was awesome
Dar uma passada
->Drop by
Pra balada
->Go clubbing
So quero tomar sol
->I just want to sunbathe
Pegar um bronze
->Get a tan
Barraca
->Beach bar
Que marca/marquinha linda!
->Nice tan line!
Sou da terra
->I'm a local
Tá caro pra caramba
->That's crazy expensive
Por quanto você faz?
->How much will you give it to me for?
Sanga
->Beach towel
Arquibancada
->Bleachers
Ingressos
->tickets
Palco
->Stage
Frevo
->Type of dance
Trio eléctrico
->parade float
Pipoca
->Crowd (popcorn)
Club
->Camorote
Birita
->drink
Boates
->nightclubs
Blowout
->farra
Révellion
->New Year's Day
Páscoa
->Easter
Dia de Independência
->(July 2) Independence Day when Portuguese left Brazil
->(September 7) When Don Pedro I declared Brazil independent
Tô de pileque
->I'm tipsy
Tô travado
->I'm wasted
Tô bebum
->I'm smashed
Tô embriagado
->I'm loaded
Tô tonto
->I'm woozy
O sensível
->The touchy-feely drunk
O altista
->Quiet drunk
Uma creva
->a brew
Enjoado
->Nauseous
Bagana
->Roach(weed)
Bagulho
->Bud
Barro
->Pot
Mato seco
->Grass(weed)
Tora
->ganja
Baseado
->A doobie
Um brau
->A jay (weed)
Uma vela
->A fattie (weed)
Vamos fazer a cabeça
->Let's get high
Um chincheiro
->A stoner
Maconheira
->Pothead
Boca
->Drug corner
Brizola
->Blow(cocaine)
Papelote
->Nose candy
Cheirar pó
->Snort snow
Sacizeiro
->Crackface
Se liga!
->Pay attention
Fica esperto
->Stay frosty!
Aí vem a patrulinha/bolinha de novo
->Fuck, here comes the cops
Camburão
->cop car
Patamo
->Group of cops
Cana
->Pig(police)
PM
->MP (military police)
malhado
->strong
sarado
->cut(physique)
Um filé
->hot body
Tomar bomba
->Do steroids
Um pitel
->A 10 female
Ser um pão
->To be a 10 male
Corpo maneiro
->Nice body
Boca carnuda
->big lips
O bumbum dela é tão empinado ...
->Her butt is so perky
Coroa gostosa / Coroa enchuta
->MILF
Furar
->To scratch
Ser pernuda
->To have great legs
Ele se acha o tal
->He thinks he's all that
Ela tá tirando onda com o abdomen sarado dela
->She's strutting her stuff with that six-pack
Bem feinho
->pretty ugly
Feião/Feiona
->really ugly
Adjetivo + que nem a porra
->Fucking + adjective
Peludo
->hairy
Balofo
->Chunky
baranga
->heinous
Chupada
->super skinny
Papada enorme
->Double chin
Narigão
->huge nose
Quatro olhos
->four eyes
Baixinho
->Shorty
Careca
->Baldy
Dentuço
->Buck-toothed
Bola sete
->Fatty
Mijar
->Take a piss
Tirar água do joelho
->Take a leak
Fazer cocô
->Go ppop
Cagar
->Take a dump
Bater um cagão
->Take a shit
Largar o barro
->Let the mud slide
Arrotar
->Burp
Soltar um pum
->Fart
Quem soltou uma bufa?
->Who cut the cheese?
Cuspir
->To spit
Assoar o narize
->Blow one's nose
To no vermelho
->I'm on my period
Tenho visita
->I'm on the rag
Tá de oi
->Riding the crimson tide
Absorvente
->Menstrual pad
Tocindo
->Cough
Anador
->Ibuprofen
Cicatrizante
->Neosporin
Transar
->Have sex
Trepar como animais
->Fuck like animals
Afogar o ganso
->To lay pipe (sex)
Molhar o biscoito
->To break her off (sex)
Comer ela
->Hit that (sex)
Ficar
->Hook up (sex)
Rala e rola
->Do the nasty
Tá na hora do vamos ver
->It's time to get freaky
Bráulio
->Dick
Pau
->Dick
Pica
->pole(dick)
Cacete
->wang(dick)
Chupeta
->Blowjob
Bola-gato
->Blowjob
Cair de boca
->Deepthroat
Chupar manga
->suck dick
tocar uma flauta
->to give head
xereca
->coochie
piriquita
->coochie
perereca
->cunt
xoxota
->twat
pinguela
->clitoris
Bate no...
->slap my...
aperta meu...
->Squeeze my ...
Coloca seu dedo no meu...
->Put your finger in my...
Popozinho
->little butt
popozão
->big butt
traseiro
->booty
Segura meu...
->Grab my...
Seios
->Boobs
Ovo frito
->Flat chest
Bunda de aspirina
->Flat ass
Bolas
->balls
Ovos
->nuts(sex)
Saco
->Ball sack
Quero você só pra mim hoje
->I want you all to myself tonight
Você me dá muito tesão
->You turn me on
Quando você me beija assim meu pau fica duro
->When you kiss me like that my dick gets hard
Me fala como você gosta
->Tell me how you like it
Tira a sua roupa e deita
->Get undressed and lay down
Segura o meu pau / a minha rola
->Grab my cock
Tá molhadinha?
->Are you wet?
Quer uma siririca?
->Do you want me to finger you?
Papi-mamãe
->Missionary (sex)
Meia-nova
->69
Coquerinho
->Cowgirl
Escorpião
->Reverse cowgirl
Titty fucking
->Espanhola
Sexo a três
->Threesome
Ficar aconchegado
->Cuddling
Preliminares
->Foreplay
Me esfregar
->Dry hump
Beijar a perereca
->Eating pussy
Uma linguadinha
->Eat you out
Cair de boca no tapete
->Much her carpet
Lavar o carro por baixo
->Muff dive
Tocar uma bronha
->Jack off
Descacar uma
->Whack off
Merda, o capacete estourou!
->Fuck, the rubber broke!
Eu tomo pílula
->I'm on the pill
Tô grávida
->I'm pregnant
Traveco
->tranny
Baito
->Homosexual
Bicha
->Queer
Lésbica
->Lesbian
Sapatona
->Lesbo
Sapatão
->Dyke
Proprietário
->Landlord
Os homi
->The cops
Os gambés
->5-O
Sogro
->Father in Law
Um-Sete-Um
->Hustler
Estrupador
->Rapist
Tarado
->Pervert
Fazer uma tempestade num copo d'água
->Make a tempest in a teapot
Golpe baixo
->low blow
Botar minhoca na sua cabeça
->To put ideas in their head
Ser uma pedra no meu sapato
->To be getting in the way
Num guento...
->I can't stand...
Voces duas sempre tão batendo boca
->You two are always bickering
Encher meu saco
->to annoy me
Eu vou dar o troco
->I'll get them back
Meteu o rabo entre as pernas e saiu
->She left with her tail between her legs
Deixar de saia justa
->To be up ""against the wall""
Meteu os pés pelos mãos
->You screwed up
Ela sempre topa
->She always gives in
Tá me enrolando de novo?
->Are you trying to fool me again?
Miséria!
->Shoot!
Desgraça!
->Disgrace! (really bad)
A porra
->really
Cachorro
->Skank
Pistoleira
->Gold digger
Otário
->Prick
Quelé?
->What?
Qual é mesmo?
->What do you want?
Tô com cara de pica?
->Do you like dick or something? 
Vai procurar o que fazer
->Outta my business
Vai se ferrar!
->Piss off!
Vai se lenhar
->Fuck off!
Nem vem que não tem!
->I don't want to talk about it!
Vira essa poca pra lá!
->Quit saying that!
O que ele fala não se escreve
->He doesn't mean shit
Deixe de ser espírito de porco
->Stop being so negative
Brigar
->To fight
Surrar
->To beat up
Dar um soco
->To punch
Dar um murro no queixo dele
->To punch him in the jaw
Chutar
->To kick
Olho roxo
->Black eye
Deixa isso
->Let it go
Deixa isso pra lá
->Forget about it
Tá vendo chifre em cabeça de cavalo
->You're reading too much into it
Dei uma fora
->I made a mistake
Voce tá de cabeça quente
->You're all worked up
Pega leve!
->Take it easy
Menos, Maria, menos
->Calm down
Pagode
->tipo de musica energetica e moderna
Axé
->música tradicional
forró
->polka music with a latin flair
filme meloso
->Chick flick
Pipoca
->popcorn
trocar de canal
->change the channel 
xerocar
->make a copy
""tbm""
->também
""msm""
->mesmo
""blz""
->beleza
""cmg""
->comigo
""td""
->tudo
""pq""
->porque
carniça
->corpse
esse ... é uma mãe
->That ... is so weak
pelada
->pickup game
caneta
->nutmeg
atacante
->forward
meio campo
->midfielder
sweeper
->lateral
zagueiro
->defender
Chapéu
->chip pass
Meia lua
->self-pass
tabela
->quick pass
header
->cabeçada
dribble
->conduzir
bola filha da puta!
->bad fucking pass!
você inventou essa falta!
->that wasn't a foul!
Para quem vc torce?
->Who are you rooting for?
Meu time vai dar uma lavada
->My team's gonna cream them.
FlaFlu, BaVi, SanSão
->Flamengo-Fluminense, Vahia-Vitória, Santos-São Paulo
Esse juiz desgraçado tá roubando!
->That ref is making bad calls
Esse muleque é craque
->That guy's a star
Torcedor
->Fan
Intervalo
->Half-time
Peteca
->Bad-minton
Prancha
->Surfboard
Passar parafina
->To wax
Nilhas
->Freeweights
O supino
->bench press
Esteira
->Treadmill
Aparelho
->Machines (gym)
Musculação
->Lifting
Baralho
->Cards 
Tô caindo de fome
->I'm starving
Sou capaz de comer um bói
->I'm so hungry I could eat a horse
Tô com larica
->I've got the munchies
Vamos rangar
->Let's eat
Um rodízio
->All you can eat
Lanchonete
->A café
Gorjeta
->A tip
Restuarante de comida a kilo
->Food by the kilo restuarant
Prato feito
->Lunch plate
Que nojo!
->Gross!
Estragada
->spoiled (food)
Uma porcaria
->crap (food)
Água da torneira
->Tap water
Adoçante
->Sweetener
Xícara de café
->Cup of coffee
Cupuaçu
->related to cacao fruit
Jaca
->Jackfruit
Graviola
->Soursop
Umbú
->Brazilian tart green plum
Moqueca
->Seafood stew, traditional dish
Tutú à a mineira
->Paste of beans and manioc
Vaca atolada
->Meat and cassava stew
Arroz carreteiro
->Rice + meat + spices
Bobó de camarão
->Cassava paste, spice, shrimp
Escondidinho
->Salty dry beef + cassava purée
Empadão goiana
->Chicken pot pie of Goias
Acarajé
->ball of black beans + shrimp and okra
Cocada
->Grated coconut
Kibe
->wheat,beef,mint
Mingau
->breakfast porridge of tapioca
Milho cozido
->Corn on the cob
Pamonha
->paste of corn+milk served in corn husks
Beijú
->tapioca starch
Espetinho
->Kebab
Tira-gosto
->Salty snacks
Lambreta
->Oyster
Quindim
->Coconut custard

",portuguese
6da77216-0b10-422c-82db-1381373eb9b3,Portuguese,General Notes,vocabulary,"despercebir
 -> ignore

pantanoso
 -> marshy

alforje
 -> saddlebag

tosquiar
 -> shear

rebanho
 -> flock

""o sol a pino"" -> the sun at its highest
 -> the sun at its highest

""saber de cor""
 -> ""know it by heart""

retrocar
 -> retrograde

dote
 -> dowry

inesgotável
 -> inexhaustible

cigana
 -> gypsy

arriscar
 -> risk

constrangir
 -> embarrass

arranjar
 -> arrange

insondavel
 -> unfathomable

indagar
 -> inquire

senão
 -> if not

gargalhada
 -> laugh

graveto
 -> stick

manto
 -> cloak

enxergar
 -> see

boquiaberta
 -> open-mouthed

tecido
 -> tissue

pipoqueiro
 -> popcorn maker

canto
 -> corner

carrocinha
 -> cart

pontada
 -> twinge

garimpeiro
 -> prospector

sumir
 -> disappear

portinhola
 -> hatch

afastarse
 -> move away

guichê
 -> ticket window

apavorava
 -> terrified

amurado
 -> gunwale

mancar
 -> limp

casal
 -> couple

invejar
 -> envy

baralho
 -> cheap

esvoaçar
 -> flutter

lagartixas
 -> geckos

colher
 -> to harvest

derramado
 -> spilled

escadarias
 -> staircases

pendiar do teto
 -> hang from the ceiling

requinte
 -> refinement

pormenorizadamente
 -> in detail

epernear
 -> eternalize

dízimo 
 -> tithe 

vaidade
 -> vanity

sembainhada
 -> unsheathed

empurrar
 -> to push

pratear
 -> silver

cachimbo
 -> pipe

cravejar
 -> a stud, to nail

barracas
 -> tents

avelãs
 -> hazelnuts

enfiar
 -> thread

milhar
 -> thousand
 
cutucar
 -> poke

doceiro
 -> confectioner

lições
 -> lessons

velhice
 -> old age

vitrine
 -> showcase

cartaz
 -> poster

freguês
 -> customer

arrependir-se 
 -> regret 

progrediam
 -> progressed

calçar 
 -> put on 

gergelim
 -> sesame

quintal
 -> yard

armazém
 -> storage

curral
 -> corral

correnteza
 -> current

rocha
 -> rock

espingardas
 -> shotguns

burburinho
 -> buzz

poeira 
 -> dust 

desatolar
 -> untangle

rochedo
 -> rock

traiçoeiro
 -> treacherous

tâmara
 -> date

espionar
 -> spy

encapuzado
 -> hooded

clãs
 -> clans

rumar 
 -> head 

acrescentar
 -> add

chumbo 
 -> lead 

cansaço
 -> tiredness

cântaro
 -> pitcher

noivar
 -> get engaged

alças
 -> shoulder straps

gaviões
 -> hawks

desferir
 -> strike

desembainhada
 -> unsheathed

vareta
 -> rod

extasiado
 -> ecstatic

tapete
 -> mat

""aposta alta""
 -> ""high bet""

sela
 -> saddle

estrondo
 -> bang

aço
 -> steel

chicote
 -> whip

cimitarra
 -> scimitar

espingarda
 -> shotgun

empilhado
 -> stacked

rédeas
 -> reins

silvo
 -> hiss

naja
 -> cobra

trarão
 -> will bring

lebre
 -> hare

adocicado
 -> sweet

cantil
 -> canteen

buraco 
 -> hole 

finja
 -> pretend

maçante
 -> dull

desprezar
 -> despise

feiticeiro
 -> sorcerer

monge -> monk",portuguese
4abfab9f-07ef-4cbf-ae31-5369b93596fe,Portuguese,General Notes,reading-notes," (*+*)  ***As suras alquimisturadas
 (*+*)  >>>>>>O Alquimista interpretado por Julian Henry
 (*+*)  ( ) O universo me mostrar o que preciso fazer pra pegar o dinheiro preciso pra minha familia.
 (*+*)  ( ) É difícil escolher o destino... temos que vencer os obstáculos!
 (*+*)  ( ) O velho é a sabiduria manifestada... o sobre-pai que queremos ser = ""Rei"", omniscente, fica como Deus; então, é por ele que o rapaz vai econtrar o tesouro - vai ter que dar de carne da ovelha, pra conseguir a sua riqueza.
 (*+*)  ( ) A filha do comerciante ia ficar boquiaberta com isso - verdade! Seja você quem for ou o que faça quando quer com vontade alguma coisa, é porque esse desejo nasceu na alma do Universo. É sua missão na Terra. Cumprir sua Lenda Pessoal é a única obrigação dos homens. Tudo é uma coisa só. E, quando você realizar seu desejo. 
 (*+*)  As coisas que temos, as mulheres amamos, os lugares conhecemos, tudos são temporáneos, a lenda pessoal nos dicta a ruta de nosso destino.
 (*+*)  A vida do homem, e por extensão, o costo de ser ele e mais profunda que o amor da mulher... o Segredo da Felicidade
 (*+*)  Quando você quer uma coisa, todo o Universo conspira para que possa consegui-la. Foi facíl porque sigiu sua lenda pessoal.Como envelhecemos, perdimos a magia da vida, somos desflorecidos, mas fica-se na perspectiva do que cê é aventureiro. Não há ninguém que pode parar sua imaginação. Seja jovem do espiritu, ria - explore e punha em enfoque as suas metas no cerbrero. Persiga-las se fosse destino cinemático. E todo marketing.
 (*+*)  Escuta os sinais do universo, como resolvem conspirar lograr sua missão mundial.
 (*+*)  O sonho é mais poderoso que a realidade - não faça amor a fantasma da vida - agarre-la nas mãos!
 (*+*)  A vida precisa que cuestionamos nossas crenças.
 (*+*)  E o abençou, sim - maktub!; a vida, agridoce que é, fica abençoada.
 (*+*)  Quando cê deseja algo de todo o seu coração, você está mais próximo da Alma do Mundo. Ela é sempre uma força positiva.
 (*+*)  Cada um tem sua maneira de aprender.
 (*+*)  Se você puder permanecer sempre no presente, então será um homem feliz.
 (*+*)  Exato! De criança os sinais são capricos do vento. Ao madurar, se percebe a divinidade!
 (*+*)  Sempre existe no mundo uma pessoa que espera a outra, seja no meio de um deserto, seja no meio das grandes cidades, e que já a amava antes mesmo de saber que ela existia, e que seu amor por ela faria com que encontrasse todos os tesouros do mundo, e que o amor sinte assim predeterminado - sem tempo que nóis trae a grasa que precisamos.
 (*+*)  É se você melhorar o presente, o que acontecerá depois também será melhor. Esqueça o futuro e viva cada dia de sua vida nos ensinamentos da Lei e na confiança de que Deus cuida dos seus filhos. Cada dia traz em si a Eternidade. Muitas vezes nossas preocupações nóis distraem da confianza em Deus, Allah u os sinais do universo. Inhala. Exhala. Respira. Expira o presente, só que existe melhorar o momento pra um futuro melhor.
 (*+*)  Refleixa aqui um sentido do absurdismo - tinha mergulhado na Alma do Mundo e o preço por acreditar nisso era a sua vida. Uma aposta alta. Mas tinha apostadao alto desde o dia em que havia vendido suas ovelhas para seguir sua Lenda Pessoal.
 (*+*)  Quando se quer uma coisa, todo o Universo conspira para que a pessoa consiga realizar seu sonho. Siga sua missão.
 (*+*)  Sem jamais compreender que o Amor nunca impede um homem de seguir sua Lenda Pessoal. Quando isso acontece, é porque não era o verdadeiro Amor, aquele que fala a Linguagem do Mundo. ¿<3? Exato! O amor verdadeiro da oportunidade ao homem de seguir sua lenda pessoal.
 (*+*)  <3 < $
 (*+*)  O universo nóis fez teste. 
 (*+*)  O amor é quando o falcão voa sobre suas areias. Porque, para ele, você é um campo verde e ele nunca voltou sem caça. Ele conhece suas rochas, suas dunas e suas montanhas, e você é generoso com ele. O rapaz se virou então para a Mão que Tudo Havia Escrito. E, em vez de falar qualquer coisa, sentiu que o Universo ficava em silêncio, e ficou em silêncio também. Uma força de Amor jorrou de seu coração sem palavras ou sem pedidos. Não pasto, nem implorando para vender mais cristais, nem rogando que a mulher que havia encontrado estivesse esperando sua volta,. No silêncio que se seguiu, o rapaz entendeu que o deserto, o vento e o Sol também buscavam os sinais que aquela Mão havia escrito e procuravam cumprir seus caminhos e entender o que estava escrito numa simples esmeralda. Sabia que aqueles sinais estavam espalhado na terra.
 (*+*)  Realmente a vida é generosa com quem vive sua Lenda Pessoal, pensou o rapaz; então se lembrou que tinha de ir até Tarifa e dar um décimo daquilo tudo para a cigana. ""Como são espertos os ciganos"", pensou. Talvez fosse porque viajavam tanto.
 (*+*)  O que quero mais neste mundo é o dinheiro para apoiar uma familia de dois o mais  filhos... universo-deus-allah, me ouça! Farei todo na línea fazia minha meta.
",portuguese
0303c12a-6647-4a68-a200-e0bfdbc45d5a,Portuguese,General Notes,reading-notes-clean,"***As suras alquimisturadas
>>>>>>O Alquimista interpretado por Julian Henry
( ) O universo me mostrar o que preciso fazer pra pegar o dinheiro preciso pra minha familia.
( ) É difícil escolher o destino... temos que vencer os obstáculos!
( ) O velho é a sabiduria manifestada... o sobre-pai que queremos ser = ""Rei"", omniscente, fica como Deus; então, é por ele que o rapaz vai econtrar o tesouro - vai ter que dar de carne da ovelha, pra conseguir a sua riqueza.
( ) A filha do comerciante ia ficar boquiaberta com isso - verdade! Seja você quem for ou o que faça quando quer com vontade alguma coisa, é porque esse desejo nasceu na alma do Universo. É sua missão na Terra. Cumprir sua Lenda Pessoal é a única obrigação dos homens. Tudo é uma coisa só. E, quando você realizar seu desejo. 
As coisas que temos, as mulheres amamos, os lugares conhecemos, tudos são temporáneos, a lenda pessoal nos dicta a ruta de nosso destino.
A vida do homem, e por extensão, o costo de ser ele e mais profunda que o amor da mulher... o Segredo da Felicidade
Quando você quer uma coisa, todo o Universo conspira para que possa consegui-la. Foi facíl porque sigiu sua lenda pessoal.Como envelhecemos, perdimos a magia da vida, somos desflorecidos, mas fica-se na perspectiva do que cê é aventureiro. Não há ninguém que pode parar sua imaginação. Seja jovem do espiritu, ria - explore e punha em enfoque as suas metas no cerbrero. Persiga-las se fosse destino cinemático. E todo marketing.
Escuta os sinais do universo, como resolvem conspirar lograr sua missão mundial.
O sonho é mais poderoso que a realidade - não faça amor a fantasma da vida - agarre-la nas mãos!
A vida precisa que cuestionamos nossas crenças.
E o abençou, sim - maktub!; a vida, agridoce que é, fica abençoada.
Quando cê deseja algo de todo o seu coração, você está mais próximo da Alma do Mundo. Ela é sempre uma força positiva.
Cada um tem sua maneira de aprender.
Se você puder permanecer sempre no presente, então será um homem feliz.
Exato! De criança os sinais são capricos do vento. Ao madurar, se percebe a divinidade!
Sempre existe no mundo uma pessoa que espera a outra, seja no meio de um deserto, seja no meio das grandes cidades, e que já a amava antes mesmo de saber que ela existia, e que seu amor por ela faria com que encontrasse todos os tesouros do mundo, e que o amor sinte assim predeterminado - sem tempo que nóis trae a grasa que precisamos.
É se você melhorar o presente, o que acontecerá depois também será melhor. Esqueça o futuro e viva cada dia de sua vida nos ensinamentos da Lei e na confiança de que Deus cuida dos seus filhos. Cada dia traz em si a Eternidade. Muitas vezes nossas preocupações nóis distraem da confianza em Deus, Allah u os sinais do universo. Inhala. Exhala. Respira. Expira o presente, só que existe melhorar o momento pra um futuro melhor.
Refleixa aqui um sentido do absurdismo - tinha mergulhado na Alma do Mundo e o preço por acreditar nisso era a sua vida. Uma aposta alta. Mas tinha apostadao alto desde o dia em que havia vendido suas ovelhas para seguir sua Lenda Pessoal.
Quando se quer uma coisa, todo o Universo conspira para que a pessoa consiga realizar seu sonho. Siga sua missão.
Sem jamais compreender que o Amor nunca impede um homem de seguir sua Lenda Pessoal. Quando isso acontece, é porque não era o verdadeiro Amor, aquele que fala a Linguagem do Mundo. ¿<3? Exato! O amor verdadeiro da oportunidade ao homem de seguir sua lenda pessoal.
<3 < $
O universo nóis fez teste. 
O amor é quando o falcão voa sobre suas areias. Porque, para ele, você é um campo verde e ele nunca voltou sem caça. Ele conhece suas rochas, suas dunas e suas montanhas, e você é generoso com ele. O rapaz se virou então para a Mão que Tudo Havia Escrito. E, em vez de falar qualquer coisa, sentiu que o Universo ficava em silêncio, e ficou em silêncio também. Uma força de Amor jorrou de seu coração sem palavras ou sem pedidos. Não pasto, nem implorando para vender mais cristais, nem rogando que a mulher que havia encontrado estivesse esperando sua volta,. No silêncio que se seguiu, o rapaz entendeu que o deserto, o vento e o Sol também buscavam os sinais que aquela Mão havia escrito e procuravam cumprir seus caminhos e entender o que estava escrito numa simples esmeralda. Sabia que aqueles sinais estavam espalhado na terra.
Realmente a vida é generosa com quem vive sua Lenda Pessoal, pensou o rapaz; então se lembrou que tinha de ir até Tarifa e dar um décimo daquilo tudo para a cigana. ""Como são espertos os ciganos"", pensou. Talvez fosse porque viajavam tanto.
O que quero mais neste mundo é o dinheiro para apoiar uma familia de dois o mais  filhos... universo-deus-allah, me ouça! Farei todo na línea fazia minha meta.",portuguese
cdc1bf53-e459-44aa-a703-6bd5d7fe46de,Castellano,General Notes,2024-05-24 advanced-vocabulary,"# Advanced Spanish Vocabulary (Vocabulario Avanzado)

Collected vocabulary -- mostly advanced, colloquial, and literary Spanish words.

## Vocabulary

| Spanish | English |
|---------|---------|
| redada | raid, roundup |
| entreseno | cleavage, bosom |
| zanga | annoyance, displeasure |
| cara o sello | heads or tails |
| madrugadero | early riser; place of early mornings |
| corteza | bark, crust, rind |
| mariscal de campo | field marshal |
| lidiar | to deal with, to fight (bulls) |
| culebrón | soap opera |
| soplón | snitch, informer |
| delatar | to inform on, denounce |
| timo | scam, swindle |
| jonrón | home run |
| avalar | to guarantee, endorse |
| buitre | vulture |
| agalla | gill; nerve, guts |
| embrujada | bewitched |
| calvicie | baldness |
| juguetón | playful |
| rameras | prostitutes |
| luzca | (subjunctive of lucir) to look, appear |
| malograr | to ruin, waste |
| rastrero | despicable, crawling |
| destripar | to gut, disembowel |
| furgoneta | van |
| me topé | I ran into, I bumped into |
| tullido | crippled |
| pocilga | pigsty |
| racha | streak, gust |
| atascar | to clog, get stuck |
| paliza | beating |
| timar | to swindle |
| derritir | to melt |
| despotricar | to rant |
| sello | stamp, seal |
| artimaña | trick, scheme |
| patrañas | tall tales, nonsense |
| se aferró | clung to |
| triturar | to grind, crush |
| cloaca | sewer |
| heredado | inherited |
| cortando de raíz | cutting at the root |
| testarudo | stubborn |
| estafar | to defraud |
| escupir | to spit |
| bastón | cane, walking stick |
| cantinero | bartender |
| manta | blanket |
| hurto | theft |
| acogedor | cozy, welcoming |
| divagar | to digress, ramble |
| entrañas | entrails, innards |
| gordinflon | chubby, pudgy |
| maniobrar | to maneuver |
| locuaz | talkative, loquacious |
| aventón | ride (hitchhiking) |
| dilatación | dilation, delay |
| viáticos | travel expenses, per diem |
| astilladora | wood chipper |
| alcahuetearle | to gossip about, to enable |
| fideicomisos | trusts (legal) |
| prometedor | promising |
| arrodado | run over |
| derriba | knocks down |
| cafetero | coffee grower/lover |
| complacerles | to please them |
| emboscados | ambushed |
| indagando | investigating |
| sé franca | be frank (imperative, fem.) |
| matones | thugs |
| muñón | stump (amputated limb) |
| tanda | batch, round |
| membresía | membership |
| descruzadera | unscrambler (colloquial) |
| destrancadera | unlocker (colloquial) |
| arrasa con todo | sweeps everything |
| entrepina | (regional slang) |
| calcomanía | decal, sticker |
| espléndido | splendid |
| fastidio | annoyance |
| enamorar | to fall in love |
| redituable | profitable |
| rascar | to scratch |
| llamadera | persistent calling (colloquial) |
| mangonear | to boss around |
| esposadas | handcuffed |
| pone la otra mejilla | turns the other cheek |
| mejor de ruta | best route |
| púdrete | rot (imperative -- ""go rot"") |
| pellejo | skin, hide |
| puerta de granero | barn door |
| realzar | to enhance, highlight |
| escurridizo | slippery, elusive |
| chapucero | sloppy, botched |
| desaladera | (regional -- unsalting device) |
| fisgones | nosy people |
| desprolijo | messy, untidy |
| mermaríamos | we would diminish |
| ojiva | warhead, ogive |
| deshuesadero | boning plant |
| imán | magnet |
| escopeta | shotgun |
| patrañas | tall tales |
| al cuello de mierda | (vulgar expression) |
| zarpar | to set sail |
| remo | oar |
| resbalón | slip |
| desubique | disorientation (colloquial) |
| sobra | leftover, surplus |
| petardo | firecracker; bore (person) |
| tintorería | dry cleaner |
| farol | streetlight; bluff |
| ilesa | unharmed |
| bachillerato | high school diploma |
| esfumar | to vanish |
| zarigüeya | opossum |
| codicioso | greedy |
| precavido | cautious |
| vaya al grano | get to the point |
| manguera | hose |
| carcomer | to eat away, corrode |
| reta | challenge (colloquial) |
| fisura legal | legal loophole |
| hipoteca | mortgage |
| ocaso | sunset, decline |
| inquilino | tenant |
| chantaje | blackmail |
| travieso | mischievous |
| antojar | to crave |
| forrarse | to get rich (colloquial) |
| subverso | subversive |
| tercermundista | third-world |
| hincharse | to swell |
| muleta | crutch |
| calaña | ilk, sort (pejorative) |
| de lujo | luxury, deluxe |
",castellano
dcbad0ab-48fc-4522-a043-5ce791085a8f,Portuguese,es,convite,invitation,portuguese
bde6fd61-296d-44d6-836a-f5333853dd62,Portuguese,en,lembrança,reminder,portuguese
ea65a408-b47b-4917-92cc-ee0b792aab0b,Portuguese,en,saudadezinha,little longing,portuguese
2fe99704-d141-4446-99ac-2293473d77ec,Portuguese,en,acolhimento,welcome,portuguese
68b88720-50f8-4134-8fcd-285b9518b210,Portuguese,en,desenrasco,resourceful fix,portuguese
6743b15b-c2f4-4898-a6fd-c5346932e954,Portuguese,es,lascado,"Louças, copos ou dentes: Chipped (Ex: A chipped plate / Um prato lascado).Madeira, pedra ou vidro (com pontas afiadas/estilhaços): Splintery ou Splintered.Pequenos amassados ou riscos: Nicked.",portuguese
7fd17514-5831-4a17-827f-092c776d767e,Portuguese,es,lascado,"Louças, copos ou dentes: Chipped",portuguese
5cb6efc0-5eff-4a94-b112-d27dc61b38c4,Portuguese,es,lascado,"Madeira, pedra ou vidro (com pontas afiadas/estilhaços): Splintery ou Splintered",portuguese
3dbf26bd-19ad-43e3-9abe-8e39dadd875b,Portuguese,es,lascado,Pequenos amassados ou riscos: Nicked.,portuguese
82f71880-de36-4cbc-9748-9a41e1130164,Portuguese,es,lascado,Louças: Chipped,portuguese
4e7e8594-fef1-4982-ae8b-58ec04fb1284,Portuguese,es,lascado,Madeira: Splintered,portuguese
84fc94a4-793f-44d3-bc19-be5a68f21dc0,Portuguese,es,lascado,Riscos: Nicked,portuguese
25d9d03a-ad11-46b6-8f2c-3b3a562ed1f4,Portuguese,en,sondagem,"Pesquisa de Opinião: Utilizada para captar intenções de voto ou medir a percepção pública sobre temas sociais e políticos.Construção e Geotecnia: Uma técnica de engenharia (como a sondagem a trado ou SPT) usada para analisar a resistência e a composição do solo antes de iniciar uma obra.Economia e Indústria: Levantamentos regulares que ajudam a antecipar tendências econômicas, como a Sondagem Industrial promovida pela CNI ou a Sondagem da Indústria da FGV IBRE.",portuguese
618750b1-fadd-4bad-9c20-d084c91a081f,Portuguese,es,emprestado,prestado,portuguese
a754d7e7-7bf8-47aa-a08c-4befd492007f,Portuguese,en,convitezinho,tiny invitation,portuguese
8d27d352-234a-453a-913f-1bebdfe3f0eb,Portuguese,en,afago,"Everyday Language: As a noun, you might hear it used to describe a loving pat or a stroke (e.g., Fez um afago no menino, meaning ""He/She caressed the boy"").",portuguese
d8270522-b384-4a3a-bc85-18b26cbff96e,Portuguese,es,desvencilhar,"significa soltar, libertar ou desembaraçar-se de algo ou alguém incômodo. O termo é frequentemente usado como sinônimo de escapar, afastar-se ou descartar algo.📘 Definição e SinônimosO verbo transitivo e pronominal descreve a ação de se desatar de amarras físicas ou de situações difíceis.Principais sinônimos: livrar, libertar, desembaraçar, escapar, esquivar e desatar.Opostos: prender, amarrar e segurar.💬 Exemplos de Uso""Ele tentou se desvencilhar das garras do criminoso.""""A empresa busca se desvencilhar de contratos abusivos.""""Consegui me desvencilhar daquela situação chata.",portuguese
adfcedcf-bf16-4524-beba-7406e0fa8bb3,Portuguese,es,fogueira,"Hoguera o fogata: Fuego controlado que se utiliza para calentarse, cocinar, iluminar o como punto de reunión social.Pira: En contextos históricos o festivos, hace referencia a una gran pila de materiales combustibles.Uso simbólico: Representa la luz, la purificación y la renovación, siendo un elemento central en festividades tradicionales como las fiestas de San Juan (muy populares en Brasil y la Península Ibérica)",portuguese
f43190a2-f702-4cd7-af8a-83dcb46a076c,Portuguese,en,barbante,string,portuguese
f0535c2e-b5bc-4849-9de8-07a7df80aeb0,Portuguese,en,afiado,"Literal (A blade): Means a sharp object, such as a knife (uma faca afiada).Figurative (A person): Means being sharp, alert, or well-prepared for a test or task.Figurative (A tongue): Refers to being quick-witted, sarcastic, or prone to making cutting remarks.",portuguese
7c089984-cd1c-4d9f-a795-105b0980926a,Portuguese,en,desarvorado,disordered,portuguese
39ba1e2b-0ee0-4e0a-a150-3ab07a9a94ef,Portuguese,en,alheia,alien,portuguese
b4927c5b-e5b6-4b54-b059-af94e2885a42,Portuguese,en,alheia,alien,portuguese
76cc9ccc-d666-4e75-a1cf-2047a9a12602,Portuguese,danado,"Travesso / Levado (crianças ou arteiros): Use Naughty ou Mischievous.Zangado / Furioso: Pode ser traduzido como Angry ou Furious.Inteligente / Esperto: Em algumas regiões, diz-se que uma pessoa é danada para negócios. Use expressões como Clever ou Smart.Intensificador (para dar ênfase): Quando usado informalmente para expressar algo extremo (ex: fome","danada), traduz-se como damned ou freaking.",portuguese
9d6e0d9d-8f07-4484-a2de-583768289858,Portuguese,en,ladeira,"""slope,"" ""hill,"" or an inclined, steep street",portuguese
ca203e0c-f5b8-4be0-a913-a7949d6cd306,Portuguese,en,aquecimento,heating,portuguese
cb5cf5e8-1c8b-4717-93ac-4e24e7fae34c,Portuguese,en,aquecimento,warming,portuguese
c45a841e-99b2-40b4-aa40-183ddd88a521,Portuguese,en,aquecimento,warm,portuguese
65aff30c-684d-4127-af2a-e7dff4932c5c,Portuguese,en,aquecimento,firing,portuguese
9ff2aade-d69c-49d3-ae6a-8bb098b5dc38,Portuguese,en,aquecimento,acceleration,portuguese
a036dcc3-d966-4c3d-b63e-434f9ae0fca9,Portuguese,en,aquecimento,chafe,portuguese
6dfa143d-7f43-40cb-9053-efe95fdb5365,Portuguese,en,aquecimento,warming-up,portuguese
af85a9f7-e9e9-4b38-ac2e-cb9e76e59a9f,Portuguese,en,aquecimento,heating,portuguese
0c22724f-6800-4be1-a702-bb80f599ac66,Portuguese,en,aquecimento,warming,portuguese
73b6e3c8-b777-4354-90e9-814c9ff300e1,Portuguese,en,aquecimento,warm,portuguese
65755011-c5a0-4b82-92fd-7be6ea0af5af,Portuguese,en,aquecimento,firing,portuguese
1b3837ea-bdaf-45c3-a2f1-a92310373363,Portuguese,en,aquecimento,acceleration,portuguese
dfefb425-aeeb-46d5-9621-b4451f7fdeaf,Portuguese,en,aquecimento,chafe,portuguese
dc1af508-80d9-46ea-bac9-22651ae5a25c,Portuguese,en,aquecimento,warming-up,portuguese
cccb526e-13f1-4634-85ba-40535dc8aed5,Portuguese,en,alheia,alien,portuguese
bd729b23-3c1e-4ec9-919f-db39caa57fad,Portuguese,en,alheia,foreign,portuguese
2648e1d2-2084-408d-9594-15fbbd3bd759,Portuguese,en,alheia,strange,portuguese
23997663-2044-4aeb-9709-eb970b92e010,Portuguese,en,alheia,extraneous,portuguese
d704afeb-347e-411b-ab37-79033fe5f423,Portuguese,en,alheia,of other,portuguese
9b748af8-fa00-4b35-b95c-dc77e5cf3d0b,Portuguese,en,alheia,remote,portuguese
64e5f5db-38ce-4afb-8f16-17313624803a,Portuguese,en,alheia,someone else's,portuguese
21f6eb9a-6816-4809-9e36-b02f6aa38483,Portuguese,levar trombado,"No esporte: É muito comum em esportes de contato, como o futebol (onde jogadores se chocam disputando a bola) ou o vôlei.Acidentes: Também se refere a batidas de trânsito ou a esbarrões no dia a dia.Sentido figurado: Pode representar um soco","moral, uma desilusão ou um problema repentino que alguém enfrenta.",portuguese
19289dc0-23f4-4147-9dbc-665afa29d2e2,Portuguese,en,oba oba,"a versatile, joyful Brazilian expression commonly used as an enthusiastic ""wow"" or ""hooray""",portuguese
8e441efd-c9fa-4ed6-9457-4d1d44d918d8,Portuguese,en,arrebentar_cli_test,Literal: to break or burst,portuguese
9082472c-d4f6-48ca-b508-112856bcee31,Portuguese,en,arrebentar_cli_test,Slang: to kill it,portuguese
eff99955-b647-4c86-9ef9-5dd5a9b9a013,Portuguese,en,arrebentar,pbpaste | jj pt arrebentar -,portuguese
0389a491-6056-4754-b868-065cdafe64b9,Portuguese,en,arrebentar,"Literal (Physical force): To break, smash, or snap. (e.g., ""arrebentar uma corda"" - to snap a rope).",portuguese
a8c27092-521f-48a2-8be0-1572bcc9dfb0,Portuguese,en,arrebentar,"Internal pressure: To burst or explode. (e.g., ""o pneu arrebentou"" - the tire burst).",portuguese
31dbcb55-1799-46d6-b633-8142b6660294,Portuguese,en,arrebentar,"Violence: To smash in or beat up. (e.g., ""arrebentar a cara de alguém"" - to smash someone's face in)",portuguese
fcac2cf4-67fb-4f52-83b9-c9569a495674,Portuguese,en,arrebentar,"Success/Excelling: In Brazilian Portuguese slang, it means to succeed brilliantly, ""kick ass,"" or ""kill it"". (e.g., ""o show vai arrebentar"" - the show is going to be amazing / a huge success).",portuguese
ee48c1cb-a4c6-4ec3-9d06-085c280d67a8,Portuguese,en,arrebentar,"Overwhelming fatigue: To feel exhausted or overwhelmed. (e.g., ""estou arrebentado"" - I am completely exhausted / worn out).",portuguese
b632a6de-0c86-4e26-adfa-53999509bc70,Portuguese,en,coxa,thigh,portuguese
